District,Soil Type,pH Level,Organic Matter (%),Nitrogen Content (kg/ha),Phosphorus Content (kg/ha),Potassium Content (kg/ha),pH Category,Fertility Status
Alwar,Saline,7.735022093684101,1.646187052588987,26.43913067911978,19.446673157213358,35.51678886342396,1,0
Sri Ganganagar,Alkaline,7.510053233434549,2.0898111363159617,36.72573810226207,21.79869487563394,37.50683052105774,1,0
Jaipur,Clay,7.8079835030234195,2.5185907028245254,25.447566482342395,18.77985823914433,41.47359626451151,1,0
Jodhpur,Alkaline,7.795568058961966,1.94651426507076,39.7112279737815,11.263891665173722,40.47310522334679,1,1
Alwar,Chalky (Calcareous),7.657222295437426,1.8205208074102928,33.64886468517098,15.344991441837792,40.2151548666064,1,0
Alwar,Nitrogenous,7.0007795735616405,2.811628345264027,39.956852092084524,21.96456755274108,47.952017842868194,0,2
Nagaur,Alkaline,8.085858957358079,1.4119133317226096,32.4378014854336,25.90945546479981,42.40454046374448,1,0
Udaipur,Black lava soil,7.076751098565547,2.303973783502877,26.222505584330253,19.49006672703161,47.2347207319349,0,2
Hanumangarh,Clay,8.31836998091532,1.908349645236901,29.90102827739646,17.588432145318485,45.494916787209824,1,0
Jodhpur,Nitrogenous,7.282105135188182,1.5792752429354957,27.610800746481043,19.776967339084997,46.71090065622427,0,0
Udaipur,Loamy,7.737583873247691,1.998798079540573,27.053641741053468,14.53918183640955,44.173756631624414,1,1
Udaipur,Alkaline,7.6538063340945985,1.7377164931164746,36.76101339433572,22.120334307592252,40.1972352412037,1,0
Nagaur,Loamy,7.922227936035833,2.5508689308931043,32.45996743418248,11.96871605799021,41.974789851616535,1,0
Bhilwara,Black lava soil,7.75807201979319,1.6737358533916775,26.944114239903364,17.360029891171934,46.76534580083204,1,0
Ajmer,Chalky (Calcareous),7.542263491892162,2.4551078918323728,29.082359139214237,13.954006443801967,40.283708416484096,1,0
Ajmer,Alkaline,8.577464338691572,1.8423516723569375,25.294886496668106,21.230418076582044,35.98859986430228,1,0
Sri Ganganagar,Black lava soil,8.116703038176334,1.9961555021393156,28.06062109068765,26.530361019358143,37.54219030490535,1,0
Kota,Clay,6.728440886028565,2.0821473826852843,40.981115710764,22.464932292572296,39.71241123497269,0,2
Kota,Black lava soil,6.962131675779195,1.7842721777200576,19.39956392439913,16.31968173265743,38.44531241824453,0,0
Bhilwara,Saline,7.640022671348702,0.6627164359229296,21.245122127973858,19.112540581128584,40.41220883317421,1,1
Udaipur,Clay,8.07214653427997,1.306065724772099,33.819301758167114,19.73446599151545,37.24509098230875,1,0
Ajmer,Clay,7.620438378600204,1.6671532675532266,31.84508218912584,20.62142847425425,44.68028083968008,1,0
Kota,Clay,7.322896805745605,1.7037672723097428,31.635361874389226,17.08969332953494,41.99522070323263,0,0
Hanumangarh,Nitrogenous,7.885960077418337,2.220653575849623,26.334219014450017,21.1449819622967,30.710492743008565,1,0
Jodhpur,Clay,7.387253288332682,2.147755845795169,27.206020905575212,18.439640339736336,38.310924529042985,0,2
Jodhpur,Sandy,7.453181905630415,2.662898323771095,23.56418215707875,13.014409074435044,37.08200336826997,0,0
Jaipur,Black lava soil,7.283063268510405,2.861077548904097,26.164662722998496,16.980808512534068,37.76019330775012,0,2
Jaipur,Alkaline,8.051966773350953,1.8718595878742137,28.82041735343938,17.965573777478127,37.32621664577839,1,0
Hanumangarh,Nitrogenous,7.992699855725025,1.2070771798070763,30.882420918314764,22.25613008068049,39.63446348995531,1,0
Kota,Nitrogenous,7.024407814806022,1.8290890898769323,24.96536319527428,20.239126598923416,37.179019100697566,0,0
Bhilwara,Saline,8.003578600298335,2.258997388195726,30.13102376387018,18.482178373670425,39.59541331168656,1,0
Jaipur,Alkaline,8.298698646610811,2.3223449016421167,26.726151121880253,17.446957503512103,40.39957631870018,1,0
Jodhpur,Sandy,7.503136578092209,1.2342323423781785,35.751336979491484,18.973579902518743,45.59274972127663,1,0
Jodhpur,Chalky (Calcareous),7.0099688490796925,1.1910996930923314,31.903890356825254,15.912959327928302,41.606457353786936,0,0
Nagaur,Chalky (Calcareous),6.62408559662414,1.8050381467202772,30.79026744960066,19.51688164992555,37.920165360263205,0,0
Bhilwara,Saline,6.684362092269527,1.3812866808887136,30.54704235916485,26.64320414124116,41.5659223693249,0,0
Bhilwara,Clay,7.391434462526899,2.2632683418361537,27.612946469036,16.75086557251282,40.42084115092848,0,2
Alwar,Black lava soil,7.575703698036009,1.7105241213255384,25.518162260874096,17.75652158690258,41.17129632228383,1,0
Sri Ganganagar,Sandy,7.134184130545736,2.945220342577892,30.246541657601117,23.844198379844485,36.958867462776205,0,2
Ajmer,Black lava soil,7.4211265083842575,1.679166589934809,38.32675958811765,15.719150796691247,40.17783037016497,0,0
Jaipur,Clay,8.019189425509659,1.240326962261579,15.839222009447155,17.744205707955008,42.758703999554605,1,1
Sri Ganganagar,Black lava soil,8.584968294040271,1.2881586815580386,20.740786342126707,23.917948323993038,36.60678469352949,1,1
Hanumangarh,Saline,7.498606944666549,1.7334547989920834,28.279680216478862,18.127329246248745,35.10037212608878,0,0
Kota,Saline,7.351066597521569,2.384515827721138,27.3630546918019,19.97446683986388,41.99381882212407,0,2
Udaipur,Black lava soil,7.584007670266264,2.4726057673057418,32.50415795502106,15.6076309932897,43.7122945679631,1,0
Ajmer,Sandy,7.656566070006578,2.343532897929458,37.33270429639302,14.442098752432244,39.82087210646768,1,0
Jodhpur,Sandy,8.63791271382382,1.5738876785013378,32.59050851014988,17.353994950942436,35.65356506505678,1,0
Ajmer,Nitrogenous,7.218026255970878,1.5918913777290176,30.39071531484824,24.30818062248972,40.69530199326709,0,0
Kota,Sandy,7.196322783393894,1.9613894773884768,32.129218293149144,22.09102877943986,31.11994122975799,0,0
Ajmer,Black lava soil,6.609420792767184,0.8847659904377705,31.133421242472984,17.192211268346874,37.23455091542934,0,0
Kota,Nitrogenous,7.162532990604724,1.7984620054674847,39.95776651102367,15.839693475750718,37.2494235853173,0,0
Sri Ganganagar,Sandy,8.549703760251255,1.9793759355103984,40.79560577301646,20.45657364305675,38.097720479168245,1,0
Udaipur,Loamy,8.041572606330368,1.0807406883639643,34.49058662061174,18.161077367144724,43.51266656966928,1,0
Ajmer,Alkaline,7.974071475236025,1.847022784234204,23.817608567038256,26.37220113924452,39.523294544016586,1,1
Jaipur,Saline,6.450321867790487,2.341611507394404,29.42598875620468,22.833858630920897,36.713137230026376,0,0
Ajmer,Black lava soil,7.345175143005969,2.5730137875067074,15.812467793013106,19.916948288370456,39.47090621251151,0,0
Jaipur,Chalky (Calcareous),6.62861401305948,2.2047192653211263,28.616641141404276,20.566971959833445,42.29497000837146,0,2
Hanumangarh,Alkaline,8.094613230627893,2.333622573714621,29.85891060531385,26.82163122085433,43.31268016699306,1,0
Nagaur,Loamy,7.617727897555557,0.1558173542857779,25.96174721126617,18.042150113219805,47.52531019304165,1,0
Jodhpur,Chalky (Calcareous),7.305739612408495,2.095211944962529,32.24609360642517,17.450966534045588,40.17220505852921,0,2
Hanumangarh,Clay,8.408377814787553,1.365354447378448,37.68078386427473,19.443405756011,41.49542867010553,1,0
Kota,Saline,7.4954088233074305,1.74112127638889,31.08901169874363,22.37794217964291,31.265521543272225,0,0
Sri Ganganagar,Alkaline,7.242390803095879,2.765097599431676,33.324635811508706,15.3771794281095,32.01200415202284,0,0
Sri Ganganagar,Saline,7.840681163287653,1.4231538593300708,33.773666490339046,20.997119929933834,42.365191410801074,1,0
Hanumangarh,Saline,7.347194692923098,2.3654794881881083,26.74670086315808,9.548485505734217,39.14870876602047,0,0
Sri Ganganagar,Chalky (Calcareous),7.200180002589399,2.205976499530905,34.257955229465985,15.451597803437622,37.74348567828168,0,2
Jaipur,Sandy,7.794038337583916,2.481172584633285,34.7294407827732,25.36810971953786,36.84577224604572,1,0
Ajmer,Black lava soil,7.304061617306567,1.4911178454615237,24.862982242369945,18.13365877029343,43.22259245822646,0,0
Nagaur,Sandy,7.72424272709822,1.920731153791772,25.40990469180517,20.46188395819962,32.17688936332098,1,1
Kota,Nitrogenous,7.964122845672162,1.7517341322590154,24.23253787007608,21.339218189331667,35.882325146870755,1,1
Jaipur,Sandy,7.279075536379588,2.055443191414209,38.522960466486886,14.459437708705654,44.88020359677974,0,0
Jodhpur,Saline,8.034189666847007,2.302060444794259,41.51819376052394,12.60277888430138,46.296166198934,1,0
Bhilwara,Clay,8.362846896407385,2.060922232066227,33.76708736710546,20.49913157549884,36.6633330939176,1,0
Ajmer,Nitrogenous,8.037671700978448,2.1053342326015554,31.04767115131397,14.541874139204488,41.16924012894799,1,0
Jaipur,Sandy,6.223225201972051,1.9158075387635736,28.369937520915755,21.95183097197688,39.23047386512656,0,0
Udaipur,Black lava soil,6.475029360711261,2.579537032477949,28.31872630659464,22.12744966620115,45.98623461822614,0,0
Jaipur,Loamy,8.181281426356225,2.820307281744144,45.760283672560426,14.38252983380201,41.21441006575137,1,0
Alwar,Saline,7.069345210151446,3.0892810869958307,30.971667316691168,19.26329886689247,44.819627115277854,0,2
Ajmer,Sandy,6.233876957390157,2.341034745031316,30.63088951830984,18.887625516108677,50.23431097859779,0,0
Kota,Black lava soil,6.857000146741753,1.4557943821635773,42.80251479677842,28.754629709635715,39.84240743335948,0,0
Ajmer,Nitrogenous,7.720873368188778,2.613517298524436,22.096980295954157,26.22282580177628,51.15749455513874,1,0
Jaipur,Chalky (Calcareous),7.222491649227945,1.2988153582880877,40.45547136366238,19.88781974009713,39.71024729118641,0,0
Udaipur,Clay,7.252060913994925,2.5486500937718546,22.17175984197202,4.961838301531214,42.85589703109604,0,0
Ajmer,Saline,7.2525172598159635,1.751213750845393,35.74836009439373,21.482884692651524,46.33825755593987,0,0
Jaipur,Black lava soil,7.603180885662725,2.731097969358818,32.24317882257264,24.809935945359207,38.81494014993686,1,0
Nagaur,Sandy,7.551769076974588,2.7155760588808704,28.699818749097776,15.59994009154618,41.3459046012758,1,0
Jaipur,Chalky (Calcareous),6.867996916026318,2.2430923957809696,20.253141223387885,9.748212713579,43.69590247350784,0,0
Alwar,Loamy,7.493347682310683,1.7000889883400754,22.206065024880797,24.096866340697037,42.11944741221993,0,0
Kota,Loamy,7.305878473239231,1.9720397757388932,31.689787641160592,24.456518434348776,40.02114929497076,0,0
Alwar,Black lava soil,7.510944410582417,2.1584760034920576,34.05013619253058,16.37569458099974,40.270258314230006,1,0
Alwar,Saline,8.271368183639888,2.121737538568385,27.979214202603487,20.008974364390536,40.58853709230479,1,0
Nagaur,Saline,6.8422793464750775,2.654722050701324,28.61555322115598,16.641396053709613,33.72919506502198,0,0
Alwar,Sandy,7.9208903873920065,1.4743899851087487,17.341153418745932,18.86446996109537,39.29121222986231,1,1
Udaipur,Nitrogenous,7.611640456627685,1.4008039375239774,35.420991220217715,21.05151520110998,40.99196758588743,1,0
Kota,Clay,7.87824417715805,1.0429699647062662,33.29725620556806,15.980257926362594,41.53672808353985,1,0
Sri Ganganagar,Nitrogenous,6.973082252317827,2.2139071975764515,21.490488849908324,17.19331001778897,38.35255349891007,0,0
Ajmer,Clay,7.1287566111152,1.892731167741018,11.994574477702413,16.49355214604225,35.62092587676853,0,0
Jodhpur,Loamy,7.212949662358201,2.268206949945672,35.16940527462104,17.96269946354199,44.53981156813524,0,2
Alwar,Clay,7.723436250401349,1.8287253995711172,30.85231885498285,15.186337173576938,38.966943601519766,1,0
Sri Ganganagar,Alkaline,7.735771190209103,1.084427560830825,23.857780843671183,9.622059954607334,39.569651536045534,1,1
Bhilwara,Alkaline,6.457103780547498,2.486863115426184,31.49398890160881,16.132720779832848,49.49367490677619,0,0
Jodhpur,Sandy,7.3346125519884735,1.744919593174891,30.74728044831655,23.853751048093937,51.90856765866273,0,0
Nagaur,Black lava soil,7.236734156451979,1.7382120057967083,26.17906606681077,24.38086965846538,36.45284421335762,0,0
Udaipur,Clay,7.259676029255879,3.2696908113914307,29.80052808124144,12.978802168692056,39.329098946615375,0,0
Nagaur,Black lava soil,8.005419867510156,3.764527593785242,23.777567750555672,22.24913606863255,36.46223857352947,1,0
Udaipur,Chalky (Calcareous),7.095054950455296,2.709517805683632,31.46676018161492,23.649096811338158,46.9596044383996,0,2
Hanumangarh,Clay,7.826153075805115,1.1843324447914634,32.40130250702963,14.724461622597753,44.11391390417001,1,1
Alwar,Nitrogenous,6.298165699449735,2.6962279707415338,33.36146704020201,12.497617254184991,32.606114380768574,0,1
Bhilwara,Sandy,7.874872737719174,0.992549383746696,31.67163527276752,18.5500932278168,35.80749691808024,1,0
Udaipur,Saline,7.289986136352919,1.0476626532672682,37.22206097527544,13.861600177719714,37.043609953151474,0,0
Nagaur,Black lava soil,7.987856688834625,2.0003777537272978,33.429289093042094,9.231347131042693,42.23490858504926,1,0
Jodhpur,Loamy,7.411943783020068,2.041493709406255,29.345370974369366,25.641198916344187,35.62078796752445,0,2
Kota,Saline,7.306017515546274,1.9119332482245108,15.50243060065759,28.35673787718738,35.49312160051413,0,0
Alwar,Saline,7.910149187254483,1.524523308452764,33.47966050470425,17.41692900619946,34.88373388312208,1,1
Kota,Alkaline,7.449002641682034,1.5787836849368369,33.75436389700666,23.272155135528106,44.86028482869861,0,0
Kota,Chalky (Calcareous),7.090697486669961,2.546053391991213,27.260473478965324,13.320687979156933,43.62068279657249,0,0
Jodhpur,Loamy,7.809443149011577,2.8191798661354706,31.906548061323925,21.55826428002389,32.40544587454966,1,0
Nagaur,Sandy,6.865000701303062,2.3344200652731093,33.359723039072485,21.921010360029484,35.027857391001035,0,2
Sri Ganganagar,Clay,6.95048038773407,2.8983326008375085,25.73252259969329,16.652815431832547,35.10846025088751,0,2
Hanumangarh,Alkaline,7.874950119711856,2.139633919108263,25.24544635156384,21.592605023994373,35.041516682798445,1,0
Jaipur,Loamy,6.807006028800501,2.2527946209179373,37.44556554164145,31.35724872711398,37.978012884080194,0,2
Nagaur,Chalky (Calcareous),7.142659661504784,2.2606399525069074,31.6083927068825,20.8402990298341,35.0242575907331,0,2
Hanumangarh,Black lava soil,6.906503305847128,2.528907090410398,27.054439336094365,15.32201850618787,39.11041062097801,0,2
Nagaur,Black lava soil,7.257870824034585,1.97703558562992,29.9171579508874,23.41662255758046,42.95372167755163,0,0
Kota,Loamy,7.092565925545328,1.2618687279991103,39.02787216343408,16.833636476448635,39.51619948406555,0,0
Alwar,Alkaline,8.14603016716326,1.625414136698379,36.57754145470052,21.05248149460752,39.19790309012326,1,0
Jaipur,Sandy,7.195824617660331,2.2962651536588807,32.04818059341997,21.78486379633463,40.406392110281,0,2
Hanumangarh,Clay,7.827946068893791,2.4819534670379317,29.89950624115174,16.143998502253545,31.130151919439356,1,0
Bhilwara,Alkaline,6.798566921396072,1.945930504804292,35.56050309610669,23.42645042355484,47.01004662959561,0,0
Jaipur,Nitrogenous,6.871065922045556,2.3656901262874963,32.95211030625732,19.28926731529727,41.69343658960845,0,2
Jodhpur,Nitrogenous,7.148144800334284,2.8461732862316023,30.721632358630185,6.483259764463213,41.6967790637811,0,0
Ajmer,Clay,7.349767025639649,1.4971993121552671,31.800820919728835,17.31177121110092,43.27701914925119,0,0
Hanumangarh,Alkaline,7.84087170440757,2.4812514429000507,23.869103210936583,30.983230274894773,43.837396722770656,1,0
Ajmer,Loamy,7.389943134372586,2.031824530748259,28.14110494238256,12.611937965402776,41.28800428699065,0,0
Jaipur,Chalky (Calcareous),6.546096221061305,1.5698074946102492,27.931972332891775,29.43843828670095,42.78276562266879,0,0
Udaipur,Loamy,7.604735041823886,1.507732974759016,29.970226453936352,23.92001389655374,39.05869332456847,1,0
Bhilwara,Sandy,7.789464324285618,2.230021161930233,37.70220619888337,26.27674890144237,36.57162541204935,1,0
Kota,Nitrogenous,7.359437257555957,2.289673379878388,37.06013439271625,16.85928130415411,40.49466893514442,0,2
Sri Ganganagar,Nitrogenous,7.120163491123724,2.3318231735164208,35.297827863116986,17.22359751547335,45.19006263657981,0,2
Hanumangarh,Alkaline,7.472610819830588,1.5387935075780232,30.03681340711784,12.607265315006003,37.56183289522519,0,0
Bhilwara,Alkaline,7.511597989278687,2.6755078762435,22.437355173505622,13.346474343345369,29.11016133902656,1,1
Kota,Sandy,7.471046125061545,1.632441599637706,29.070377595256147,12.003026189028445,51.38543249026653,0,0
Hanumangarh,Black lava soil,7.274025314044061,1.6053307471401628,29.964775072597227,18.92195210715989,38.14071058860667,0,0
Nagaur,Alkaline,7.026053641365507,1.582838477254209,33.8201489078643,12.28599242395177,36.83622485057481,0,0
Jodhpur,Black lava soil,8.264373925270455,1.959477017639128,24.95775633726325,9.570510611333312,32.63981463486604,1,1
Ajmer,Black lava soil,8.01438449571174,2.250842522584394,31.24162571257941,20.39058867618008,42.001179277633874,1,0
Bhilwara,Loamy,7.514715295838776,2.258322222967984,25.09337031741268,12.975915280362464,40.53603981020067,1,0
Sri Ganganagar,Loamy,7.734270080773035,2.891452800032572,28.763298064874217,8.10501979623388,43.35024835907762,1,0
Sri Ganganagar,Chalky (Calcareous),7.261177208697997,1.3724323140133026,29.36172659240905,17.19696181576345,25.352756549988666,0,0
Alwar,Loamy,8.22780023962865,2.5158268872875875,22.955404486547376,22.22447947504942,44.25359697230324,1,0
Kota,Clay,7.338985922753971,2.6627160545475395,22.96592495251231,22.929521005823247,36.31614932026189,0,0
Udaipur,Sandy,6.628889153682362,1.7269791005916395,24.539393998257164,20.67669173946145,44.97223687754454,0,0
Kota,Saline,8.365160907428585,0.8772070512174186,30.977016106416603,29.59303166938104,38.23367932280921,1,0
Udaipur,Alkaline,8.314234277386161,1.8578076751967452,37.95291036308925,23.39465645029639,39.31502255278771,1,0
Kota,Black lava soil,7.644364001504918,1.4214416906433645,23.334358226110968,12.242438754705354,43.31025917379237,1,1
Ajmer,Saline,7.68207014802733,2.003589233453971,19.56761170814457,20.8024481198674,51.06265519698621,1,0
Udaipur,Black lava soil,7.020610771906613,1.3237456552796387,22.0820580510621,22.064994560688987,38.92966151136069,0,0
Jodhpur,Nitrogenous,6.809700647050175,1.7819222792462577,28.71189757244503,19.65183273349946,43.44582228537168,0,0
Jaipur,Chalky (Calcareous),6.72753132666162,1.7303474927683649,31.931913269240304,24.188821107732945,36.60384673403522,0,0
Jaipur,Clay,7.997790757001015,2.851586304959019,21.80985471281992,11.068122673226569,36.889825972228095,1,1
Ajmer,Black lava soil,7.759679372818944,2.836681973076262,27.05273800030641,12.0878601298818,44.084185057154905,1,0
Jodhpur,Saline,7.464889819241192,0.7388610412560248,29.24016308841981,25.30071909335635,35.53126990458143,0,0
Jaipur,Alkaline,7.536437049007758,2.036598495500847,29.2487850560087,25.958537485535324,39.58141020075394,1,0
Udaipur,Nitrogenous,7.01710868356802,1.730713163351688,27.6662059402428,12.585077840087909,35.911588016974335,0,0
Ajmer,Loamy,7.300050468934431,2.134647376290367,29.77553484938732,20.91250515299607,36.64942399772884,0,2
Ajmer,Nitrogenous,7.9233853876082465,0.9363862898242524,29.50452849879365,16.98589672108019,42.16131475317078,1,0
Bhilwara,Nitrogenous,8.01532990412078,2.5473992511136627,25.97004134470292,17.36722433431649,33.38826282658352,1,0
Hanumangarh,Alkaline,7.681557813872262,2.1555549955715976,20.55175353951924,30.0763755523032,46.45322230461274,1,0
Nagaur,Nitrogenous,7.793631206732089,1.8971860731783765,30.4141628525905,16.35914049515092,48.74068534560418,1,0
Jaipur,Nitrogenous,8.49181682621801,2.005940217258896,31.93293114952596,26.796487996824027,39.26430247592946,1,0
Nagaur,Chalky (Calcareous),7.914114845092311,2.545430835301849,27.68530243987371,19.25029640460445,32.83424092737644,1,0
Alwar,Saline,7.641526581129327,1.8303444064309204,29.79331397595415,20.097998082888143,35.98784980067582,1,0
Jodhpur,Clay,8.032585982857194,2.7263083727430897,25.418395404632903,15.8153964810186,39.29812470547332,1,0
Jodhpur,Loamy,7.135769189159829,2.159762335391478,38.26808634246142,20.699436164195635,44.98059107455565,0,2
Hanumangarh,Sandy,6.255836323293505,1.6708757938330758,32.26754356277234,15.088529828726603,40.29492110794799,0,0
Nagaur,Loamy,8.098584013623928,1.596204329950852,28.882637473815304,14.775818430484644,48.91961297600884,1,1
Jaipur,Alkaline,7.150292729938356,2.0808492633523765,30.51429288966167,20.746709555299404,32.94471584466959,0,0
Kota,Sandy,8.476629568763284,1.737060162052398,30.88875053134016,22.00240693253164,40.65532593107925,1,0
Jaipur,Chalky (Calcareous),7.671053019825209,2.9586295742130613,22.372141459694586,14.229183076102291,44.27600753874131,1,1
Nagaur,Black lava soil,7.030422215114659,1.8078063117035397,28.97116503161414,28.02809916282559,29.596297373045108,0,0
Jaipur,Nitrogenous,7.6978994243548735,2.1317754059773923,36.420478969740586,7.868039647323959,28.06535064902164,1,1
Hanumangarh,Nitrogenous,7.791368791586932,2.2484367952537987,35.348857274919254,14.00151235817346,28.419280685155616,1,1
Bhilwara,Sandy,8.05834063753376,2.116047318964269,32.494415973841065,18.289256744363804,40.97538462711301,1,0
Ajmer,Clay,6.72859839087855,1.9196844402372528,27.579130243756317,15.16876840123373,39.12310772050655,0,0
Nagaur,Nitrogenous,6.749889069276532,1.6105814785897827,36.7553644620657,24.43095594292398,39.68680211336383,0,0
Nagaur,Saline,6.959998695808934,2.0813983090499564,37.47515154867919,13.435157350263635,41.96987612932201,0,0
Kota,Chalky (Calcareous),7.851571271110002,2.266603658949656,30.827018301498523,13.089912156537812,37.58191430222281,1,0
Kota,Alkaline,7.319980365621508,1.6359614510723397,31.86674279855699,21.561891052332857,45.96367582708207,0,0
Kota,Clay,6.792237966543147,2.488936136105569,28.64814300432104,13.051099284036654,46.76019682987163,0,0
Jaipur,Clay,7.704532469167028,2.3333139417284454,23.25037181069364,17.724005475919206,33.26373041209325,1,1
Hanumangarh,Clay,7.331806527294431,2.480152398140735,32.31241812033427,14.103154391836911,40.86127193205519,0,0
Ajmer,Chalky (Calcareous),7.161502430770734,1.613670277364588,34.15095905931305,24.50199294197532,42.25612659659254,0,0
Jodhpur,Alkaline,7.846608800829352,0.9861613641645756,25.569798765108114,18.337103100750625,43.51570098618025,1,0
Kota,Black lava soil,7.665425652307789,2.725500719065668,34.39708520568701,14.613119615076208,46.88248225009769,1,0
Jodhpur,Clay,6.839560822311341,2.3857008974518834,30.005549723436467,12.277830758758778,42.46441985925935,0,0
Sri Ganganagar,Saline,7.069148464871871,2.015015739582041,19.2380822769541,24.38227822751468,32.1925338877907,0,0
Jaipur,Saline,6.882744000788802,1.4840168580764104,27.798703978068,26.44037862426189,40.07254499631327,0,0
Udaipur,Alkaline,7.553584957629798,1.4607436293177014,29.123527350479936,21.99658800859565,41.8019669750904,1,0
Udaipur,Alkaline,7.289400591693544,2.488215688599034,24.339254296419966,14.50541872635903,43.43713377563252,0,0
Ajmer,Chalky (Calcareous),7.079614055050688,2.110315402153581,28.2395612627306,21.62379119766771,42.90283843517808,0,2
Ajmer,Sandy,7.258219258076731,1.6939165414225896,32.45603832705998,18.209853101265068,39.30301399668383,0,0
Udaipur,Alkaline,7.251019076591079,1.743732944676725,25.992362049477293,18.264067524438687,43.854011099939854,0,0
Kota,Alkaline,7.761980256038368,1.8000500049453416,26.27416114841325,19.47516146218188,43.06395370791645,1,0
Alwar,Saline,7.097100172557898,2.505137293418008,29.778192722442192,26.89233677726904,36.64243896509727,0,2
Jaipur,Alkaline,7.872680362038938,2.046761748219305,29.18648149215454,15.644034849961846,40.360766184108805,1,0
Alwar,Clay,7.518787429667933,1.8426545856059535,30.64684003351909,8.096304472382513,30.851590923959584,1,1
Sri Ganganagar,Saline,8.036464807253672,1.5733002629804442,34.82663333580563,23.521681049270395,49.26020022406835,1,0
Jodhpur,Nitrogenous,7.458642488051753,2.1215458638303493,34.75653122149742,22.634489618328967,39.0456389022341,0,2
Ajmer,Saline,7.574044709899138,1.559465831669354,26.438896181754743,25.93367310088665,47.18167702852989,1,0
Jaipur,Loamy,8.750450248967141,1.4721802551007015,28.23157120216497,13.837843804179998,44.76230985268084,1,1
Nagaur,Sandy,8.450134212155483,2.51152827762612,38.21770754560265,21.95563938466363,45.83754911493223,1,0
Sri Ganganagar,Clay,7.435561310655623,1.7454530973442153,32.42679953776595,15.754475745048882,41.52832784321298,0,0
Nagaur,Sandy,7.643781952583664,1.4179746837970872,28.21004782793332,15.70193243060773,35.54715594704493,1,0
Jaipur,Alkaline,7.490063182315844,1.9463676170945288,36.101414482088586,14.616604362644932,36.18740380426701,0,0
Bhilwara,Clay,6.447708600617334,2.069039204208773,20.56935648024487,20.265296564663096,44.32644878067625,0,0
Alwar,Loamy,7.491888441202029,2.5784168905184943,31.98698511729617,16.262721730208938,38.59748973294192,0,2
Sri Ganganagar,Alkaline,7.719743024004256,1.950845076272812,20.98124757953752,21.65735448165448,41.822807386777285,1,1
Kota,Saline,7.636118362663694,1.9713647945889488,32.74033462353585,13.302553167356706,36.288068147846325,1,1
Hanumangarh,Chalky (Calcareous),7.223411377326365,1.8730241468013824,26.230689431545198,21.91326775738746,45.624662726516206,0,0
Jodhpur,Loamy,8.534113020752912,1.3010972607878517,36.012882526126134,20.899571847732084,44.1891526761474,1,0
Kota,Sandy,6.591010387306422,2.379856147742084,29.527706427789987,22.09804986012059,35.68058519705117,0,2
Jodhpur,Loamy,8.078003334725564,1.695753048134399,24.96066043388935,21.268686483874166,31.03461801043805,1,1
Kota,Alkaline,7.822297716207588,1.808773801165355,20.120183500541906,17.14842966106767,34.10445892818576,1,1
Alwar,Nitrogenous,7.679172255538002,1.4017210356916567,22.53245110873428,9.380262086496677,43.604984764528176,1,1
Hanumangarh,Loamy,7.986811124713923,1.7482151905461412,29.24692992685033,16.169395846946646,34.35968722596153,1,1
Udaipur,Saline,7.546489623264705,1.765751943319842,26.206173710323124,26.75426165349503,36.7316042968129,1,0
Alwar,Clay,7.426487288284575,2.4203672410647745,31.039012536766567,13.536873264238686,37.339157184364055,0,0
Alwar,Sandy,8.030685482436567,2.2660030994109714,31.808305306235084,28.80594062433687,39.99843163694113,1,0
Hanumangarh,Black lava soil,8.041499969258433,1.4618094062989708,26.631049471702617,24.78768581639884,26.436937180947808,1,1
Jodhpur,Sandy,7.653701784859843,1.5876938747826197,31.383003827555903,25.977403254127395,37.01685470694135,1,0
Jodhpur,Clay,6.933607524366128,2.175185108193169,25.778379814084644,20.51242321079104,37.585862045965406,0,2
Sri Ganganagar,Sandy,7.753510136067678,1.971302317462982,23.02275747622464,16.460445296629622,38.68626626156748,1,1
Hanumangarh,Clay,7.507591471270216,1.512596712038579,33.22793856087097,20.096906188490127,28.398422008847884,1,1
Hanumangarh,Nitrogenous,7.179459366730822,2.32952717195671,35.13447309128957,22.997887706226777,48.09393819830434,0,2
Alwar,Nitrogenous,7.757441798038186,2.409962626317617,31.621701050074343,17.33637250891548,44.198319322155946,1,0
Ajmer,Loamy,7.658726630625088,1.8335697978087444,29.53306570550026,17.353339437758144,32.427648454096165,1,1
Nagaur,Nitrogenous,6.792366404037907,2.109267021205473,35.04735894297984,15.775292807032518,32.504920197708,0,0
Hanumangarh,Clay,7.096811535440975,2.037847470002547,33.42794873149208,19.29175706994937,45.83185272834626,0,2
Kota,Loamy,8.332801606843264,1.8122499799622145,33.49732123447851,10.62496306264032,45.899942648448935,1,1
Jaipur,Chalky (Calcareous),7.114590598635656,1.3608236855988378,25.52286019537479,13.3171574984254,46.68328678879492,0,0
Udaipur,Alkaline,7.313662208024013,1.8786506260873592,20.54994914408529,17.726026413111537,34.800967344865576,0,1
Kota,Saline,8.12170289859358,2.6140151048040674,28.32598506277749,11.030394434040184,37.16647445972474,1,0
Bhilwara,Sandy,8.501213733822398,1.8462142914421005,31.801130185387144,22.706606470041397,34.9968531375838,1,1
Bhilwara,Sandy,7.569826844782676,2.036668372389068,34.84384947840677,24.835890612194746,42.46988691102823,1,0
Ajmer,Chalky (Calcareous),6.892596932055678,0.8958596118858739,28.84706800738193,20.67929712040829,39.73747465730674,0,0
Alwar,Black lava soil,7.752867716236399,1.956649431925896,36.2880952817968,22.030280612140405,38.82537864239513,1,0
Jaipur,Clay,7.194120180247707,2.5679739229719107,29.230011674010843,19.19022591529336,42.192063497483225,0,2
Kota,Chalky (Calcareous),7.650850004450867,2.087768114789299,20.78103208259627,15.54841075990064,39.67961117925642,1,0
Ajmer,Sandy,6.793637120549722,1.7415765584130858,33.09516473294266,26.960193757935457,40.55564687648256,0,0
Ajmer,Black lava soil,8.393673207214913,1.876832359410076,18.492641411650062,15.895605387951566,37.86597902532371,1,1
Udaipur,Loamy,7.06963541830233,2.336194668805691,30.83327908679922,25.90494952652836,42.01637281518586,0,2
Ajmer,Alkaline,7.8821066016694274,2.8639819176908827,27.653267667866444,13.570679913601426,37.47255122277745,1,0
Jodhpur,Alkaline,7.382144377571666,1.5302683790070086,35.59622458782048,18.52772121205983,47.26377772563092,0,0
Jodhpur,Clay,6.603446773732712,1.808591405193516,29.381355268625818,18.01160153192698,34.0798472088872,0,0
Bhilwara,Sandy,6.579051113521071,2.44603379986586,27.05053841122196,23.493444067585216,40.12605433770041,0,2
Sri Ganganagar,Saline,7.05800057162678,2.0662485717478227,28.092552925879534,13.397532782974842,41.687410373632,0,0
Jaipur,Alkaline,7.769882256414171,1.8367320737327144,24.14537553096273,21.01191685299348,32.21524456646761,1,1
Hanumangarh,Loamy,7.537836770306693,1.783852410446335,36.36357366985632,14.152596853984916,36.39514945765052,1,1
Jaipur,Saline,6.992760136646293,1.3299639644380326,32.161083453796266,16.59309882465213,44.83913012012602,0,0
Kota,Chalky (Calcareous),7.347405577259624,2.523455897244069,28.323779590659868,13.294676433492157,43.71825887770087,0,0
Nagaur,Loamy,7.4612782696370035,1.4023531182003777,37.25463774139606,29.035983218189426,31.58670652938657,0,0
Alwar,Saline,7.52583048842554,2.1145373441028514,35.371590063577806,21.121698283890414,44.52008777380657,1,0
Ajmer,Sandy,7.768884095184242,2.153194741036707,25.008466123544725,22.593965087258606,44.3176412126076,1,0
Nagaur,Nitrogenous,7.222356948699482,2.2139813132763173,38.61537358823125,28.19628258370876,30.38614113968832,0,0
Jaipur,Clay,7.620102921973111,2.626566412384122,33.94959861090426,24.847845128764533,41.63427700305218,1,0
Udaipur,Nitrogenous,7.751372403745408,0.7533645898349612,25.17167598238396,28.145831824504725,37.09108983303973,1,0
Bhilwara,Black lava soil,7.351258899563075,2.6559918692869733,31.603928629663415,20.97025971802937,33.64969455643984,0,0
Jodhpur,Black lava soil,8.66233665292641,1.9914969627580843,32.52510544136884,20.42259237907664,36.43207665046412,1,0
Sri Ganganagar,Sandy,7.451237308127187,2.1639055367870617,34.76239078476403,15.945530318998753,41.834070216427214,0,2
Hanumangarh,Chalky (Calcareous),7.707913314727671,1.3915516448299163,36.8168825676917,16.974218821970013,44.552092498427854,1,0
Nagaur,Nitrogenous,8.035540250201402,0.9627568244918444,29.88982567997865,25.60930752397126,39.06660518843277,1,0
Jodhpur,Alkaline,8.347861438905433,2.948644347386556,30.783468641232623,25.117653220926723,40.87643389466962,1,0
Nagaur,Alkaline,8.051860006861299,1.807755439479241,29.683050739825948,22.41395062030159,45.41791551554998,1,0
Jodhpur,Clay,6.929495745123631,1.944245586428528,25.9751675957372,18.061500417957195,37.93192167185179,0,0
Udaipur,Nitrogenous,7.38434952853515,1.711790211832578,37.35517345408552,16.502523899161783,34.81466963215002,0,0
Hanumangarh,Nitrogenous,6.513955486678091,2.1440141841527445,22.78037226463121,22.22426768778744,42.05782859582141,0,0
Ajmer,Sandy,7.134372715593521,1.551170307362473,26.81256282587494,18.12296276758019,39.75585082033148,0,0
Sri Ganganagar,Sandy,7.820947061429319,1.4851518801834698,27.579914381889576,19.979635814392825,39.793701736749696,1,0
Alwar,Chalky (Calcareous),7.558289256006232,2.535757967790519,22.467329849048006,10.172220542617474,37.064423646899264,1,1
Nagaur,Sandy,7.56295069419748,2.425562049190119,36.11927959271296,21.68977777072513,37.03879577593592,1,0
Alwar,Nitrogenous,8.250137304500495,2.0372547969133863,35.12816056936291,33.2100595524631,42.990495775237335,1,0
Sri Ganganagar,Nitrogenous,7.454300221245442,1.9595607510672692,30.261292452487417,14.696974668016995,36.41491925436032,0,0
Udaipur,Loamy,7.071613953086604,1.7222266102565666,31.021945158014884,13.989252369619557,38.02159644121868,0,0
Alwar,Saline,6.901016785391369,2.4435398882231434,31.433870561912933,19.26397360657201,42.824211793000615,0,2
Jaipur,Black lava soil,6.781873067535941,2.346961616595629,33.58294669879826,11.348686347578274,46.66942872750286,0,0
Jodhpur,Black lava soil,8.39089945438553,1.171688396161113,27.377759318686746,16.32348269659024,43.60739661878672,1,0
Kota,Saline,8.091746833444963,1.4109795663118097,38.336120557755685,27.61619310856129,43.67810998622873,1,0
Hanumangarh,Loamy,8.308150021360959,1.303632263916502,29.82724688023018,11.916433125259928,38.85308834072266,1,1
Udaipur,Black lava soil,7.30122111725414,2.618826878755999,31.89883818020448,15.159771207448774,38.44846147307548,0,2
Ajmer,Black lava soil,7.872575432142408,2.067083207997922,32.14171025330363,16.442689029581476,38.07771560511454,1,0
Jaipur,Saline,7.965832983434048,2.1976868405928327,28.43661415173362,16.02005544995623,38.75513172359663,1,0
Ajmer,Sandy,7.215425900663733,1.6014432168875097,30.20462374364461,22.174705191839493,38.0300665937844,0,0
Ajmer,Loamy,8.100965834769772,2.004394221316036,30.289320237133783,18.672036833687944,43.42225238818214,1,0
Udaipur,Saline,8.090320456226072,1.6863432770243485,30.22611354499991,20.255989509405428,37.49107903594234,1,0
Ajmer,Saline,7.71800288761129,2.421919754820869,31.96317057825484,22.267927617546093,32.08888416626761,1,0
Jodhpur,Black lava soil,7.846428792118719,2.2912856594044024,26.00029746649033,10.459989314383462,38.034736214693,1,0
Bhilwara,Saline,8.392387519592548,2.0067251823096464,28.87573472102574,15.356039592737703,54.678289511638894,1,0
Jodhpur,Clay,7.003205242202982,2.067962283609174,30.422333931949737,14.6537275312246,44.78147501045673,0,0
Alwar,Black lava soil,7.042261485454854,2.063229609530345,27.485656231645223,25.89432968518469,46.55581148301808,0,2
Bhilwara,Alkaline,8.02610557797853,2.0487170551486518,28.865287669310376,22.00000002806783,51.44395330440145,1,0
Hanumangarh,Saline,7.665056895235471,1.5929946653542222,28.1716145873474,22.52135374019192,42.60724699529764,1,0
Sri Ganganagar,Sandy,7.768145454758595,0.9019360894500268,29.189380122600703,20.71524384939476,44.248059942581065,1,0
Ajmer,Nitrogenous,6.81308258755067,2.6892348137307525,30.57912293613473,21.948022620459938,28.897894955324368,0,0
Nagaur,Black lava soil,7.632145105076625,2.656891088285904,29.922641796366303,15.66012288735834,38.93203378897479,1,0
Alwar,Clay,7.768739352303214,1.7107701355618343,29.61252850053506,19.70784940501256,44.13201658665263,1,0
Jodhpur,Clay,7.083200858516797,1.6600557301319068,26.020148130747508,20.95944772510824,39.19720195249101,0,0
Jodhpur,Saline,6.931483558426256,1.589092585789327,36.51295198393116,20.68830970434023,37.24706466499647,0,0
Udaipur,Alkaline,7.60569828373533,2.531328645393763,28.121831671172323,26.755570449933572,46.46372644759104,1,0
Ajmer,Clay,7.306943611956929,2.5076104459071527,30.539919603626146,33.03429581574885,40.96703183594858,0,2
Alwar,Sandy,6.307547245524709,2.1730586643988614,32.460071402834494,30.321100674262052,40.79047437933405,0,0
Kota,Loamy,7.601617977293015,1.7711833753311923,30.928442902093696,27.545655067022757,43.02803116315656,1,0
Ajmer,Chalky (Calcareous),7.53418578298383,1.1267666372104832,31.658238335628813,14.764212156548677,48.55514404595394,1,1
Hanumangarh,Loamy,7.018674494040512,2.3463845159244303,35.529165331473564,24.307182628164025,41.25658324119051,0,2
Udaipur,Loamy,8.409030961278912,2.387577747017392,32.76520042926179,21.17012227176574,38.75735690962775,1,0
Jodhpur,Saline,7.273181806204159,2.863113272817816,25.563352705721144,23.858980886178305,41.78126394353042,0,2
Udaipur,Saline,7.455727892708493,1.7730542919234358,34.4502886623773,16.96369292956958,38.99899372849815,0,0
Kota,Saline,8.073015072071033,1.6113142575770467,37.79394592248447,12.347692951283117,48.14821065556399,1,1
Ajmer,Black lava soil,8.00081591260428,2.696727263762216,33.55274551148893,22.14670411400867,41.89819824192983,1,0
Nagaur,Saline,7.501115811081201,1.8626781253168516,27.71390730340402,16.55444101139105,42.338450519294426,1,0
Bhilwara,Nitrogenous,6.919108078043818,1.8584305516281163,28.495701264295867,13.952615322905974,41.94489364676092,0,0
Sri Ganganagar,Clay,7.639541929172593,2.1457818383409863,21.546641861967743,15.107502270666968,53.77608871859951,1,0
Alwar,Sandy,8.159098533617012,1.3209125392612031,27.783682675910484,18.55712441422949,39.4272028626374,1,0
Jodhpur,Sandy,5.977671730378419,2.510817606913804,37.18184017121877,14.749067313191652,35.13850877632583,0,0
Kota,Clay,7.003566999457227,1.2773973677938872,33.33134836021762,22.889892618197784,42.88681762553331,0,0
Nagaur,Alkaline,7.494566431482514,2.068676239703518,44.59086777530047,19.07927092158399,34.349106352576584,0,0
Bhilwara,Saline,6.978864205976376,2.285210586680398,28.34284314359249,17.40666640189395,44.26600772525777,0,2
Kota,Chalky (Calcareous),7.442001463839233,2.948943646329353,29.43093730793121,25.42611131830816,40.19277584392159,0,2
Sri Ganganagar,Saline,7.210437945182127,1.7595831052440103,33.48083998579644,17.411537135653926,39.55954377985464,0,0
Ajmer,Chalky (Calcareous),8.446095880416534,1.5581404296544683,26.134851451986485,15.646361141781291,43.62295889361561,1,0
Udaipur,Sandy,6.831637280562035,1.7940883155181713,30.659639833859785,17.72726140628278,38.90673361282482,0,0
Bhilwara,Clay,6.687227983218969,0.7467142147316417,31.487310265589084,20.69748898073729,38.57581531128899,0,0
Jaipur,Nitrogenous,7.853039456907566,1.8786593615939835,24.86815396167054,26.150002863595752,35.176472871246425,1,1
Sri Ganganagar,Sandy,8.020477086898895,1.3673707954573926,32.40293379213856,15.635055165553236,38.96507705450816,1,0
Ajmer,Clay,8.184850553827092,1.456972708940957,36.27701804729948,24.72934821842073,35.49704823731969,1,0
Sri Ganganagar,Sandy,8.053355212143659,0.8626894843969002,28.97935115563642,35.58840564604024,39.93978223520034,1,0
Nagaur,Alkaline,7.654947389690317,1.3632072257017005,27.926865497140685,15.024130200503812,42.7484159314513,1,0
Kota,Chalky (Calcareous),7.5088066259668285,1.512316986360875,36.517539659673794,23.32351372666555,37.23539581316349,1,0
Sri Ganganagar,Saline,6.98798570455681,1.860094828811497,25.177311025449043,22.529827767279325,36.35863898796693,0,0
Jodhpur,Loamy,7.628626710555751,1.8277613956237737,26.25292006521513,21.68883049527301,37.27456385002205,1,0
Sri Ganganagar,Alkaline,8.403804253884632,2.253078827730356,24.719846000166665,18.715274374391093,41.53916186256942,1,0
Udaipur,Black lava soil,7.689576559363062,2.615111087825394,27.01512856639463,8.04847816265281,37.93889627487765,1,0
Kota,Saline,7.857936372345479,2.1135172394324444,28.37965912395515,22.957210758759278,43.40110180238346,1,0
Bhilwara,Nitrogenous,7.639174317322335,1.745393318700433,25.768201400565136,17.07546173291115,37.606207142391554,1,0
Udaipur,Nitrogenous,7.193508364364655,1.9714794165735288,35.91993721598445,21.709126069774836,39.69981229155718,0,0
Jodhpur,Saline,6.853246187397952,1.652152561401468,25.409365082917127,26.197920032207808,38.0188516094912,0,0
Hanumangarh,Alkaline,7.833774040184998,1.6429674410089106,35.8920965878186,18.50242481226261,33.82148488975295,1,1
Jaipur,Chalky (Calcareous),6.977235257162974,1.986869603365074,26.877447724557115,23.734904200523548,40.15745781130998,0,0
Jaipur,Chalky (Calcareous),6.532956127270212,2.0115403294752103,33.124517973270216,20.96724287495898,46.54932584716767,0,2
Bhilwara,Alkaline,7.929069535467008,1.938431782323866,33.012901339891705,17.77174848485003,50.269093450432976,1,0
Jodhpur,Loamy,7.798220568790876,1.6828570761552983,28.820150063945142,23.720928551575174,42.10773041768281,1,0
Udaipur,Sandy,8.56238570150848,2.665669530994202,39.60183751072131,13.88552490222218,40.35626874955446,1,0
Kota,Black lava soil,6.751276665697126,2.681614487566125,28.481869635509995,17.555569404781544,47.944701642220416,0,2
Ajmer,Chalky (Calcareous),7.904556395365689,1.5751395392611518,27.5850803696358,22.65341561505024,36.68281921390256,1,0
Jodhpur,Saline,8.2517099142145,1.834939953016775,28.94166509034412,16.86133046957747,38.55980563038962,1,0
Ajmer,Saline,8.269598600087454,1.535890016325991,36.21714139051463,21.77669097795069,30.95366142705871,1,1
Udaipur,Chalky (Calcareous),6.733658014538133,1.4357046634514827,34.86221998959005,24.36393707234805,41.815021424030384,0,0
Kota,Black lava soil,7.765487830982045,0.9108943401342848,27.35266518246496,17.190789503241504,42.39680476714711,1,0
Hanumangarh,Nitrogenous,7.970590933209984,2.095948867936518,39.74171322394906,25.125545762908867,36.73050805837212,1,0
Sri Ganganagar,Chalky (Calcareous),7.2910452271170545,0.9870960634443116,24.645737906577807,29.557095435698617,33.597722144987664,0,1
Ajmer,Alkaline,7.357452871478993,2.0693225918550424,24.56936850409295,15.658695192008338,40.489066465466536,0,0
Alwar,Clay,7.595788698097045,2.253120494652963,37.23652849695903,22.840516025643232,34.751722505450296,1,0
Jaipur,Nitrogenous,8.604927832874232,2.1634972566350488,25.824377480138825,28.26456525615211,50.38888792599222,1,0
Udaipur,Black lava soil,7.258170681281216,1.87663778794278,29.157901439855596,23.01822869480369,46.87305633788277,0,0
Sri Ganganagar,Black lava soil,7.342366833041872,2.1340252137948768,33.57587195064029,19.74440653492311,40.08062393950236,0,2
Alwar,Loamy,8.002962255898208,1.4362519505234808,35.63954496626785,20.772468327976256,38.31723705060913,1,0
Alwar,Nitrogenous,7.752143926692137,2.1454823650687214,27.46495670364972,17.430496866755785,34.00524301003062,1,0
Kota,Black lava soil,8.04924243802591,2.1788306833155446,30.32252986431286,24.53272078554982,40.36126024118958,1,0
Jodhpur,Clay,7.256147313525628,2.537166502385122,32.482000588669706,30.375325196742708,45.90064086870764,0,2
Kota,Clay,7.435670276823972,2.703467372945876,27.57940752707591,24.77634618603603,39.80628552505228,0,2
Udaipur,Loamy,7.403195244482246,2.372293199236565,33.20973564721851,18.64866197818056,41.08859100543583,0,2
Jodhpur,Sandy,7.409248418932166,0.9114674767785726,30.892383319426948,27.14428853906784,32.62933933978947,0,0
Alwar,Clay,6.813570274259468,2.175739950176101,20.10887375312595,20.234674510301847,49.48883508372988,0,0
Jodhpur,Nitrogenous,7.108823038749003,2.426582653206596,31.23740273820052,19.951677893433263,44.394819865353256,0,2
Jodhpur,Loamy,7.801623750285697,2.1490792329952626,33.19330084321551,25.290591625435752,41.83809920104856,1,0
Hanumangarh,Nitrogenous,7.624774094799038,1.4084719076328054,28.736183724519076,25.14706550477663,43.98350963535371,1,0
Jaipur,Nitrogenous,7.291108493743191,1.4511945088621363,28.191859453137276,27.17785496581812,30.857970595790185,0,0
Alwar,Sandy,6.782045238065736,1.3420920917862464,31.405046251409036,9.337021869225818,45.06318704822036,0,0
Ajmer,Chalky (Calcareous),7.806885427894954,2.187727928813626,30.837850529004957,25.81129798752833,37.302043896314345,1,0
Alwar,Black lava soil,7.475517484570775,2.3557052897327475,45.5645510052192,24.04018094701036,35.759672009847456,0,2
Jaipur,Chalky (Calcareous),7.110952607083643,2.5859050716369225,37.49048816743892,15.91922505485978,32.72472697454724,0,0
Udaipur,Loamy,7.3920197398248835,2.4687387462534627,38.17533197263759,26.558467246363307,34.53929203285634,0,0
Nagaur,Saline,8.139732465828876,2.520862332029425,32.91772151505944,19.3524137656828,42.89928642647566,1,0
Sri Ganganagar,Alkaline,7.222445386035825,2.0060848411414525,29.53562749303473,13.64225739553858,34.23457834130109,0,0
Alwar,Saline,6.833775826052717,2.5855838163530733,22.675126269475555,16.657725445734112,35.009526861154825,0,0
Udaipur,Black lava soil,7.883194238286199,1.7930525288625716,32.303986218079835,12.38832840859128,43.98987627290953,1,1
Jodhpur,Chalky (Calcareous),8.697180950291225,3.092547447518056,26.56642328498352,28.11942496405576,41.9158409487945,1,0
Jodhpur,Saline,6.752981103355125,2.627572894187452,27.511637382854804,13.659315975123436,39.15870432756229,0,0
Bhilwara,Loamy,7.206071847546,2.115305424383107,24.33289490853689,21.749618576246963,35.523228131704,0,0
Kota,Nitrogenous,7.295156703685251,2.356161079790081,41.40825918269421,16.911791615331516,32.324798762338204,0,0
Udaipur,Clay,8.095949667206787,2.4750079143348227,31.215023610272,12.336497200550346,39.01859674306032,1,0
Bhilwara,Chalky (Calcareous),7.759951069764376,2.9344089202719266,32.09852804178633,21.382907527955243,40.04278040412175,1,0
Ajmer,Nitrogenous,5.889491822007143,2.197799417381471,30.17135907100111,11.595647703809398,41.54863389568001,0,0
Jaipur,Sandy,7.542047194125098,2.3454554786960964,27.77596580914755,20.69514343476563,39.77438554837974,1,0
Kota,Loamy,7.483976252918143,2.0167623511942936,18.912044603206148,14.159110860749,34.51562460308007,0,1
Kota,Clay,6.022875529378984,1.6791364281739354,26.870419911576988,15.108725309697611,40.61121502273533,0,0
Nagaur,Loamy,8.00091242684097,1.7512145808073964,26.08998253744481,16.201484412598564,31.144657234559546,1,1
Ajmer,Nitrogenous,7.847931919546893,2.5867211383162223,28.637276393190955,18.297006465450693,42.50071516556942,1,0
Jodhpur,Clay,7.470639786447686,2.223268253470356,30.998052092013918,25.470897737607377,42.3950157169638,0,2
Sri Ganganagar,Sandy,7.227406877636839,3.463635046236665,25.028224671845635,15.392744882855393,37.17303514857299,0,2
Nagaur,Black lava soil,7.730412432701932,2.5241999439067704,29.594664472822917,28.722919350376245,44.29916780733729,1,0
Bhilwara,Black lava soil,7.654999491582777,1.971705755550052,36.09485394896832,10.244490679806876,40.7179396825258,1,1
Jodhpur,Alkaline,7.633409198147701,1.8304388603649808,31.850305576344777,19.381336599501218,42.289028049628925,1,0
Ajmer,Clay,7.533919256958469,0.9900363339219318,37.20972502900945,17.43812879661653,40.27931969922248,1,0
Jodhpur,Nitrogenous,7.4493596406492335,1.7007812097094763,25.167060545073426,19.659382874160237,41.81985315426369,0,0
Jodhpur,Chalky (Calcareous),7.191928270975528,1.479900644522263,33.49407835140238,27.244100541688574,38.42459036045538,0,0
Jodhpur,Alkaline,7.799498170842132,2.426674488670073,27.52904988466544,21.419222836513683,44.812512959766494,1,0
Hanumangarh,Black lava soil,7.757647160812233,1.5828590949826875,40.920483666902285,22.85253604177258,37.09675848723025,1,0
Sri Ganganagar,Nitrogenous,7.643477927150855,1.5840225412527744,26.808586367357528,15.923121858419394,34.66882534050387,1,1
Jodhpur,Alkaline,8.274319647512018,2.1601082889744143,36.10647472842574,20.669791902901174,39.52444176149617,1,0
Sri Ganganagar,Alkaline,6.683038520470356,1.7875843262371809,32.51249848064645,15.546255682238682,32.865867116093284,0,0
Jodhpur,Saline,7.22194062661961,1.93496985322319,38.34534762913165,15.287209971040618,48.07389395354926,0,0
Bhilwara,Sandy,7.689702698802555,2.345236343060757,31.32808496586267,23.28881588075187,39.65233856878865,1,0
Jaipur,Loamy,8.199613975035579,2.769571172905325,37.86199105135164,18.589371115330444,46.15351452492235,1,0
Kota,Clay,7.348557378100503,2.673049897257129,29.033478867760152,27.357925412849468,39.89071626278938,0,2
Ajmer,Loamy,7.499142923165468,2.54476829153832,41.82703885999987,12.806399494715652,38.87368678754324,0,0
Jaipur,Black lava soil,7.754844615612328,1.592800906276838,37.50421515140189,26.764002674483628,37.66712964398612,1,0
Hanumangarh,Nitrogenous,7.225420529118112,2.665216172189408,29.39706405763265,13.299375521726072,37.571606277124765,0,0
Sri Ganganagar,Chalky (Calcareous),7.138017634766106,1.677829866489008,16.304298969312637,25.930727370211493,47.70161989909943,0,0
Sri Ganganagar,Nitrogenous,8.155302956406732,2.58555098583478,23.717173320272824,26.446015257034368,38.40920749191036,1,0
Udaipur,Black lava soil,7.006063329549625,1.5765745169373178,36.248094526483335,23.896745019526666,39.80490240311228,0,0
Udaipur,Nitrogenous,7.735254923689278,2.005931339590392,25.096059957932205,23.699720256896583,48.39873691110765,1,0
Jodhpur,Clay,7.224724034145757,2.1581791607680723,25.573756569378887,20.905313713855413,46.51639018658032,0,2
Hanumangarh,Loamy,8.409885893656298,1.9584553361284085,33.2444096295192,17.077995117019846,52.26184956434362,1,0
Jodhpur,Saline,7.424350389883739,1.3021053989037574,32.956746208792,16.380048341286955,39.02304824411488,0,0
Jodhpur,Sandy,8.100265829236935,2.0701799349240235,20.16465148206424,14.414067691464988,39.07077123903626,1,1
Udaipur,Loamy,6.774536054444388,2.037788186335019,35.24432070937681,19.853917970730077,43.87557560794543,0,2
Jodhpur,Alkaline,7.506249660953626,3.434201527833384,21.65700370560902,25.2936426494194,39.13599131301768,1,0
Hanumangarh,Sandy,7.072452262795397,1.3969888142959406,25.570146330511115,5.74984945341409,42.72291200396814,0,0
Jaipur,Sandy,7.945931511080374,1.4433525829426843,26.71482381491338,24.972791178708107,36.19119814658677,1,0
Jodhpur,Chalky (Calcareous),6.521330705433005,1.6659284758361166,30.966897259620797,13.25911477286255,40.07841118235813,0,0
Sri Ganganagar,Clay,8.15711328785179,2.3566331253982717,24.87017591259611,23.036445075508464,47.33925222498655,1,0
Jodhpur,Chalky (Calcareous),6.906117380041237,1.8013383737243192,32.67182449318192,20.455468031279565,35.7423001011034,0,0
Hanumangarh,Alkaline,7.804452678127316,2.1310334045433628,20.252191411228164,18.245752849617627,28.908261199744597,1,1
Kota,Clay,7.39210643683589,1.411119271004321,37.34892129393748,16.88864888553002,30.79866807602216,0,0
Kota,Nitrogenous,7.657064748225333,1.8419585194385133,31.57169341565715,22.19575066850209,44.16589715635091,1,0
Jaipur,Black lava soil,6.952240305577218,1.559622955198635,38.99362509175656,16.323994826183768,48.28104126028648,0,0
Udaipur,Sandy,7.455382922889275,1.9812146775102597,21.34399348277537,27.47469113726618,40.206628161353095,0,0
Kota,Black lava soil,7.945671950802623,1.897822136677176,28.54779258994425,22.220725855436285,44.07877243326035,1,0
Udaipur,Saline,6.522475614840858,1.815530280484269,31.06904396970532,15.41011947694632,48.6558481588365,0,0
Alwar,Saline,7.562774293325574,1.5219707241583027,41.588183943369394,12.963532782537987,33.50948048156421,1,1
Ajmer,Saline,7.420847260995168,1.9080730534203951,25.771634477529435,19.92950517046664,39.686758889390894,0,0
Ajmer,Saline,6.184634931585468,2.1941878646150843,29.52587884359564,17.42608662542629,41.217651020931726,0,0
Hanumangarh,Nitrogenous,8.16528745201952,1.4016056767868443,34.46848844694556,24.464769350543847,49.14810100858044,1,0
Hanumangarh,Nitrogenous,8.082797447572064,1.970583572934239,28.895341375301932,20.95562116918196,34.25146263551297,1,1
Kota,Clay,9.038430185090252,2.6800579500901565,23.777287499576385,21.16434043713449,36.959969285313385,1,0
Kota,Black lava soil,8.337429836457032,1.862598847623656,18.993782632745408,10.005555465693751,40.1701479317334,1,1
Bhilwara,Loamy,7.087674829854656,2.3517460741125125,29.610892819317638,18.62024274151931,38.191380819533066,0,2
Alwar,Black lava soil,7.668138944623781,1.6314853194236514,35.28362455640209,24.834035521252723,43.59584333177719,1,0
Udaipur,Chalky (Calcareous),7.325921301591343,1.962536721940776,28.1569031710715,24.035232083033435,45.59843889276691,0,0
Jodhpur,Saline,7.578411508049097,2.140615246109302,37.447997047238246,13.648189768374568,45.7734688335836,1,0
Kota,Alkaline,7.301402341927006,1.4488651297720725,31.73780806901776,20.433488497071984,41.77834474281615,0,0
Jodhpur,Sandy,6.641163925818302,2.1180712049395507,34.524810207471,18.87096625461979,47.182147597794334,0,2
Jaipur,Sandy,7.817664597608103,1.941166348903573,27.722664718751297,21.22478546586002,42.37316742783396,1,0
Kota,Saline,6.740515109593343,2.252290907238695,33.13269181668471,13.8021885695988,32.485646956588056,0,0
Alwar,Black lava soil,8.23260525174069,1.5542282550727475,30.3485213471464,16.746716893319025,38.36676218405695,1,0
Ajmer,Loamy,7.843283873376588,2.370536890341143,25.616514571903537,23.30229976175775,38.07253379543821,1,0
Hanumangarh,Nitrogenous,8.003365035613532,1.2144238244410586,35.407570431498705,20.187709207434107,45.459026695373225,1,0
Alwar,Nitrogenous,7.468553066550071,1.7760611775340207,33.29071518001282,18.023582259919092,47.96482048013691,0,0
Kota,Chalky (Calcareous),7.0030686625825735,2.210095771447496,25.717508812954005,20.48835188374168,33.677507965225175,0,0
Ajmer,Alkaline,7.8049400235952096,1.9800367683133184,33.9746155693778,26.745675525567147,45.29085046912051,1,0
Sri Ganganagar,Chalky (Calcareous),7.661041155383493,1.994453998025699,25.93492813869935,24.116399578388528,41.12880761555877,1,0
Ajmer,Alkaline,7.888465846177414,2.803957530559579,36.76726823810601,26.73285831305148,47.2183515958312,1,0
Jodhpur,Saline,7.269846618712818,2.515124846984784,28.09981576855323,17.976023102898534,45.66402348587403,0,2
Ajmer,Saline,7.911033039016264,2.436076552842028,31.620182213532665,24.12051448427853,39.17925293639113,1,0
Alwar,Nitrogenous,7.483859694475265,2.3202714675373866,30.615391008280906,19.434359737421296,33.50391818277088,0,0
Bhilwara,Black lava soil,7.378469400559567,2.001143968071752,35.35182580114965,26.359462109693283,39.44593719860456,0,2
Nagaur,Black lava soil,6.550164859570559,1.9358682597580843,23.08329611514195,24.50864348570137,43.92073208176749,0,0
Jaipur,Saline,7.737715341263311,1.6022214660295588,32.12196968930506,26.397593348800797,28.91590580322968,1,1
Alwar,Alkaline,7.600826452564627,1.485013862611532,30.23039610816576,14.631556705411237,40.40541271450412,1,1
Ajmer,Sandy,7.327040335476415,2.444576912393903,24.39124448572056,16.165679809977238,40.34036134624311,0,0
Sri Ganganagar,Loamy,7.9471163872504675,1.616838737609287,28.67727050647639,21.828799930464577,30.292160996898893,1,1
Nagaur,Nitrogenous,7.01664905464867,1.601967931139683,30.514586952616185,8.429779669999473,48.367209428114926,0,0
Sri Ganganagar,Sandy,7.973403783255935,2.027501468016687,32.1121748645072,17.669056940268884,38.16398032894126,1,0
Ajmer,Black lava soil,7.949179784173493,2.562388359992906,27.43705601510745,23.416062020005345,46.95127663755995,1,0
Bhilwara,Chalky (Calcareous),8.073220435200364,1.5133105809864826,35.0356666823658,21.680724815131143,38.86261870023296,1,0
Alwar,Black lava soil,8.470608718231874,1.5608384614101305,28.10996050490892,21.157229612627862,43.23244768862885,1,0
Ajmer,Alkaline,6.515538428791959,2.051719064654053,40.21038020071872,21.38679230982338,39.88860510408144,0,2
Jodhpur,Clay,7.244118221028848,0.9476252471404928,40.210889552673656,20.776624995997008,41.99073632561269,0,0
Kota,Chalky (Calcareous),6.784322576472786,1.357200442973614,21.92076764516584,21.863240932400277,40.83246563557562,0,0
Ajmer,Saline,7.978351593192829,2.258473257874185,28.892433685239386,19.88849858140973,36.55557228712297,1,0
Bhilwara,Saline,7.379284717637503,2.733391278449488,32.52778926607504,22.18117852400528,34.04541747013137,0,0
Bhilwara,Alkaline,7.781893937503457,1.7043026350809762,37.77599267073671,14.427338424959691,31.303974239136,1,1
Nagaur,Loamy,7.72083128209303,1.283134987594886,25.812971373422545,9.465554426869597,32.88020943901196,1,1
Bhilwara,Nitrogenous,7.805108084794611,2.078486480484217,27.067343652180323,21.121082021453965,43.57304895318309,1,0
Jodhpur,Clay,8.111968172118946,1.2142900008308497,25.338143784090065,8.57111377752525,36.08704318725933,1,1
Jodhpur,Clay,7.9892110560140175,2.261071272966968,24.481650857348157,18.346053878362213,36.099004354412685,1,0
Alwar,Loamy,8.126270365514616,1.6104902892400073,31.36210698326805,22.08732544910648,45.95542927386738,1,0
Jodhpur,Nitrogenous,6.397352813622047,2.694882066973178,23.273951645956988,14.98280548250248,38.34323850456075,0,1
Alwar,Alkaline,7.746780102167146,2.145448528795003,20.022341097741307,14.39378129952804,44.64704992395408,1,1
Jaipur,Clay,7.043594540351744,1.791284809005284,31.720269607817333,21.741708696230635,35.51084966787185,0,0
Udaipur,Saline,8.340746228709008,1.5580655524296354,30.73649000194542,16.59752976117976,43.07472319515689,1,0
Ajmer,Sandy,6.600892630295446,0.8882129160314016,27.40965490262472,18.49509843803389,36.842814862584085,0,0
Bhilwara,Alkaline,6.984487362426346,2.411175235447877,25.815098227802064,22.759821296659137,38.279509858688336,0,2
Bhilwara,Nitrogenous,7.916578883314718,1.684875352497782,34.32124192349318,6.462280723094114,36.4000523338903,1,1
Bhilwara,Saline,6.974972605088407,1.5451551057958328,33.79750018758061,16.91612319240146,33.26002107816416,0,0
Kota,Black lava soil,7.522179398757803,1.127146283570174,32.473528268875164,21.91717515701822,37.9534576295214,1,0
Ajmer,Loamy,8.188590468252281,2.5100182534510447,28.18434176591461,24.2720100056036,41.70607921246017,1,0
Alwar,Black lava soil,6.702622020918334,2.21034981550924,27.110396115836448,24.40573360406685,40.00662844367204,0,2
Hanumangarh,Saline,6.910538254350837,1.89016527382452,33.047630226043005,12.223131330793787,41.00422546557855,0,0
Ajmer,Sandy,7.207036163341122,2.164553389355065,36.26421317213742,17.758876918499254,36.53874835367052,0,2
Sri Ganganagar,Clay,7.28550964131379,2.482384947151223,36.49993686131067,24.80152584043334,31.02904066725282,0,0
Jodhpur,Alkaline,7.223869373943696,1.451428175185593,41.45955633409344,29.337310020806758,34.18967089871859,0,0
Bhilwara,Sandy,8.251367163152795,2.388114252362053,27.58033277524384,26.18590400144505,38.72761961677329,1,0
Hanumangarh,Saline,7.477372849017832,1.3834493474925724,36.954861790007,13.22014827570018,39.021073645157095,0,0
Sri Ganganagar,Saline,7.519856910859818,1.2885615460942228,32.306360421589154,15.378213331848125,37.745029914853454,1,0
Jaipur,Clay,7.199027779032411,1.6833843016425114,25.746933735240265,17.294965671085503,43.778329193721575,0,0
Udaipur,Loamy,7.438971433939361,1.771075806908755,29.203188839270467,18.147086187996084,33.259764440299165,0,0
Kota,Nitrogenous,7.929007097651072,1.5859018635173827,19.90756067805681,20.725318729796907,43.96587844109339,1,1
Nagaur,Sandy,6.855259706395156,2.029224740352825,34.563101612702205,22.108584665015485,39.70172844003904,0,2
Sri Ganganagar,Nitrogenous,7.333269653409114,2.7599760029571496,19.32100075632597,23.798936184765385,35.80236220991171,0,0
Bhilwara,Black lava soil,6.96023357391698,2.498529678226821,35.63675044677743,14.3507507139072,35.88081565179423,0,0
Udaipur,Nitrogenous,7.839364034639709,1.5354318297451208,24.32989907032521,18.26614211616644,37.07103638275655,1,1
Alwar,Clay,7.759435590220061,2.2479025105137853,30.008095156784705,22.073864453943955,48.02169554154298,1,0
Ajmer,Sandy,7.369845479364281,1.244979394007374,28.897308854217314,19.03147310097519,42.70143972017848,0,0
Kota,Saline,8.130759626267757,1.6664054576112473,26.33515550438121,25.480349537386992,42.12660654165055,1,0
Nagaur,Saline,7.835765585864527,2.7640156796939164,34.4375198370703,23.80423327155739,40.300429973075815,1,0
Alwar,Nitrogenous,7.867318772729665,1.5070980956660869,28.579224510356013,25.97381430938469,44.47323593786936,1,0
Sri Ganganagar,Loamy,7.171687964600148,2.436994875503441,30.39219623041835,20.914972248226302,35.828643284660174,0,2
Alwar,Loamy,7.977042551078314,2.609240107435843,41.01006962329808,18.219539756904723,40.54785790038929,1,0
Ajmer,Clay,7.42092307781384,3.621546484797367,41.53958125308056,19.092754653762416,39.46831498734343,0,2
Hanumangarh,Chalky (Calcareous),7.556985334063886,1.6032701350582643,25.374576897606826,17.748990541670782,40.3693171720544,1,0
Ajmer,Black lava soil,6.458950648405507,2.2765745781896047,27.258998509166137,29.617228974124764,36.12692514990709,0,0
Sri Ganganagar,Alkaline,7.291780783375987,2.000988422377905,37.66436677818156,13.274927580346656,35.694751639172125,0,0
Sri Ganganagar,Clay,6.821241230079033,1.5496643087437598,25.178999642883777,25.40028029569655,44.713942570700375,0,0
Ajmer,Alkaline,6.921792091628071,2.4250396662087765,32.088403761197,20.537221871704464,41.93685740316495,0,2
Jaipur,Saline,7.288120158988648,1.773292945808073,21.021784136849924,18.34954904149281,43.66414540910873,0,0
Nagaur,Alkaline,7.517013705536116,2.0556863009200264,29.10453357491922,21.979098905479617,43.46427877908906,1,0
Jodhpur,Loamy,7.454077617832523,1.9562823356114092,32.74159813777249,24.747972856822443,39.70292409363753,0,0
Hanumangarh,Chalky (Calcareous),7.511315426338434,1.2972184730718568,25.075034370914924,20.993400047737037,39.604663290677216,1,0
Sri Ganganagar,Nitrogenous,7.182295059885631,1.9793536564963583,32.780110484211455,17.043576055990528,30.767134760977918,0,0
Jodhpur,Alkaline,6.714559271437044,2.677786467855174,26.94571180097467,22.522416281915085,32.18482846714373,0,0
Jaipur,Sandy,7.550395536322403,2.02064372779372,35.18579449329121,21.672192574242608,47.39035949178222,1,0
Sri Ganganagar,Saline,8.186135658303996,2.0710222394152726,26.63547333995299,23.314205465108163,44.46594173603626,1,0
Nagaur,Chalky (Calcareous),7.201260570987798,1.252229231750898,29.938507753459717,19.135771625929447,37.82117751514691,0,0
Hanumangarh,Sandy,8.130424759999656,2.308331988235559,30.439867735645844,17.798626815745983,37.35500792898437,1,0
Bhilwara,Chalky (Calcareous),7.67984042384316,2.593538839370878,25.176051311851573,17.926847455929845,36.37848732896167,1,0
Kota,Sandy,7.646974693971581,1.613728944078882,29.71018000165849,12.430847493775731,43.154378017980775,1,1
Alwar,Nitrogenous,6.9429767749190034,2.129330573927694,31.063698879288303,23.914368674742864,37.84437215212451,0,2
Udaipur,Loamy,7.125600101989973,2.208400787241557,35.83560394001648,19.88474721957267,46.39287583969687,0,2
Kota,Chalky (Calcareous),8.299160903820516,2.366773906752933,30.04391827449074,18.81158341519508,40.3830453522583,1,0
Jaipur,Sandy,7.628686553208674,1.6845767985264055,32.1617635710017,16.414090496387644,29.838231178508074,1,1
Alwar,Loamy,6.939791040531805,1.6225669017140394,30.160715734822805,11.371144375937131,40.11169619659304,0,0
Kota,Chalky (Calcareous),7.888468351465758,2.0152382069603143,25.51373496919372,16.735249220839595,37.25105320180983,1,0
Jodhpur,Chalky (Calcareous),6.639461239519766,1.820798212243556,23.875000556699742,25.882666268938827,37.081389332186994,0,0
Ajmer,Sandy,6.984022378952782,2.2977454488196285,27.050526217685544,19.33915322177814,40.36139482692145,0,2
Bhilwara,Black lava soil,8.291058375651783,1.8002672547635736,30.64593736665855,19.68363020051542,36.701256793730174,1,0
Sri Ganganagar,Nitrogenous,6.800385870387684,0.9235432421212422,29.846067487932924,17.19034943071037,32.85547696744136,0,0
Jodhpur,Alkaline,7.909869858629047,1.902263678207013,31.486136107925432,28.33628420874767,29.38003590937182,1,1
Jaipur,Clay,6.817947003090821,1.7340611248553357,32.504586645429285,15.08837863861612,48.02677981180904,0,0
Nagaur,Black lava soil,7.169582882094927,1.2135053714635695,24.73726404064945,24.97149413343812,41.27365568690104,0,0
Bhilwara,Saline,7.442763814100568,2.073877953700064,26.19087664170576,21.051835567704437,47.65167282177205,0,2
Ajmer,Loamy,7.604426771267166,2.029106363542528,28.032810518627247,10.454012705113785,42.352414980645534,1,0
Jaipur,Loamy,7.025523586115661,1.5465485626389694,18.247720736878197,28.364341009492648,35.68010075461961,0,0
Bhilwara,Alkaline,8.048273559115128,0.9043730744173596,37.672410508972575,25.6118710935158,37.701176920847615,1,0
Alwar,Saline,8.527096920628034,2.073910369518264,22.918655703296963,16.78611808550026,37.70561577487501,1,0
Sri Ganganagar,Saline,6.664415113752968,3.0179367675908964,32.344890390742336,17.540215475652584,46.64028444493484,0,2
Alwar,Nitrogenous,7.177213963982302,1.1694582922164138,32.516260323747524,9.682984237602728,38.41324753878733,0,0
Ajmer,Saline,6.641983375844656,3.3553971495202664,29.68127357248017,15.61257988922184,32.96456402607991,0,0
Kota,Alkaline,7.913618053828712,2.579919983194172,27.47016900506072,14.87065947015262,40.311656748095615,1,0
Nagaur,Clay,8.479918627372337,2.2253065247156942,30.413864518927127,20.18391416587117,28.07846605607127,1,0
Sri Ganganagar,Alkaline,7.616393371470082,1.6216180114920369,19.050391475107237,25.972961102568654,44.791929099210215,1,1
Kota,Chalky (Calcareous),6.997854718252873,1.4090090019658903,34.97986839423223,16.508690756243038,40.62087842372307,0,0
Sri Ganganagar,Chalky (Calcareous),7.506414321771842,2.2399135176834166,28.656771233451288,10.818201081148011,37.83613058205805,1,0
Nagaur,Black lava soil,6.99104425476142,1.5889171966552966,23.56197358173469,15.497757693109866,47.09727840398919,0,0
Jaipur,Saline,7.534668580857674,2.431271742307585,21.525132807416934,24.10116199152992,44.08653101869163,1,0
Nagaur,Black lava soil,7.382363045013781,3.072912462538244,22.275320389233,10.090177571306434,32.50409399021151,0,1
Ajmer,Clay,6.657666211386807,2.095458262071855,29.81834695978829,20.73467649193344,37.38934214990004,0,2
Jaipur,Clay,7.464439854584832,2.042797351972262,28.60813516196053,23.86423919271861,43.91579943888505,0,2
Ajmer,Sandy,8.68370718201356,1.8111175562387611,23.54528890253388,17.965128168133145,40.0700248368569,1,1
Jaipur,Black lava soil,7.8969092335719075,1.8513119603784467,28.76808298742726,24.931882529529688,36.44013386370538,1,0
Udaipur,Sandy,6.839222106744474,2.0105463739252936,24.34466382248706,19.66361267543233,34.62669480283569,0,0
Kota,Black lava soil,8.52890558854888,1.2807944166027203,27.42414550453991,19.36740551523025,42.19726345228995,1,0
Sri Ganganagar,Saline,8.096556472925514,2.510757696390932,34.59457427329165,17.701716138635014,34.60078776109256,1,0
Jodhpur,Saline,7.391738401231914,1.5303792296589966,36.66275733832564,24.644660067661075,36.97546618035913,0,0
Kota,Clay,7.864531822501182,2.175582733813542,31.70830115976313,18.643425109658512,33.91709597932145,1,0
Bhilwara,Loamy,7.367822083398266,1.6128980908235495,26.986878476927213,20.00891520552305,34.70394145813549,0,0
Ajmer,Black lava soil,7.315340614920905,1.2102818506412008,25.910540789307472,21.95604663618697,42.90890885314181,0,0
Kota,Chalky (Calcareous),7.367197719856947,1.8000608806658145,29.42679582246804,21.32134135822818,39.249415243730965,0,0
Alwar,Sandy,7.754304186616721,1.7848453400226787,22.579716675378325,18.95765894729796,46.03304077431957,1,1
Alwar,Chalky (Calcareous),7.784136688576392,2.5431903556029187,31.666849256304392,7.535947503023232,37.50430524264817,1,0
Hanumangarh,Alkaline,6.926420244494144,2.5449524795454157,27.144080129579063,20.21914399730214,44.77901372556241,0,2
Udaipur,Loamy,7.571713283428746,2.435762193043967,23.74400431683161,12.337408615851682,47.8971894584743,1,1
Nagaur,Alkaline,7.165827402576599,1.969462164323812,24.707796831791736,7.509694912535302,41.00229815706864,0,1
Alwar,Clay,7.99689110726522,2.6869571926057247,25.738066169629484,22.37682805346005,43.16227108321151,1,0
Bhilwara,Saline,8.331866416071737,2.1526215632656767,32.93695849903006,27.070936441655448,42.23696968534488,1,0
Hanumangarh,Loamy,7.196176827313264,1.93134451710556,34.78895807236453,21.038016757003128,41.53838326700557,0,0
Nagaur,Clay,7.484868471201507,3.299411450037291,21.379690945659824,23.46911726929551,45.83264168110502,0,0
Bhilwara,Saline,8.102909210358021,1.531602382520309,23.13960406365193,25.89971065019232,43.65949034617191,1,1
Kota,Saline,7.4768693913668285,2.05705074611326,30.309416764435674,15.36223334594136,39.04879577793392,0,2
Hanumangarh,Black lava soil,7.978919815554134,1.6045591041527172,30.17004048114073,13.174891022866824,43.50747390962357,1,1
Udaipur,Black lava soil,7.1941831316527205,2.559316167077106,30.06521687188476,19.10374487321544,39.449972506494746,0,2
Hanumangarh,Loamy,7.425272153417506,1.284584399187664,27.617230992832376,18.50589955485398,38.20877811046246,0,0
Ajmer,Alkaline,7.924792265523308,0.8907150170244502,42.09388889656732,27.477291226214785,38.57687247873161,1,0
Kota,Nitrogenous,6.465812142284484,2.0446976394658067,27.78705353612922,20.038639465878425,44.72655885617933,0,0
Jodhpur,Clay,7.104614540457323,2.507968611781778,27.983101270156588,12.574069186500338,29.752627571651598,0,0
Bhilwara,Alkaline,7.869118615408081,1.4283305044580696,30.437368768403697,21.16521475764742,36.40967608190868,1,0
Alwar,Black lava soil,7.148041837292228,1.47264777251704,29.663848464019345,19.587037123243547,43.849843656676114,0,0
Udaipur,Sandy,7.702411704404134,1.9824517666077028,25.73033545769972,26.45230370688175,40.27599621265045,1,0
Alwar,Clay,7.336096770061738,1.286990941439774,31.96936609082372,24.146618862914316,36.84174237743178,0,0
Udaipur,Clay,6.98044441581613,2.8437740276183967,31.22557142186309,23.63397023200902,36.85925300122179,0,2
Udaipur,Saline,6.88372984438986,1.6577541346936016,32.28662140543383,30.491107372733737,39.30958832669259,0,0
Kota,Black lava soil,7.529845940289868,2.053091459720108,26.81095653570032,19.710816938112032,45.63894013555823,1,0
Jodhpur,Loamy,8.336132952048764,1.6313100482510208,25.82907575633688,8.669739529253587,38.24610897199223,1,1
Jodhpur,Loamy,7.512215920089017,2.160498781843012,35.01118083351463,27.80127764765465,30.24198543558557,1,0
Hanumangarh,Black lava soil,8.031970493780427,2.126284422998312,36.92266023796953,22.22099163645336,45.50661478867881,1,0
Kota,Black lava soil,7.371829660813754,1.7309761207549308,33.98921889947884,10.703316141699712,40.22745738165376,0,0
Jodhpur,Nitrogenous,7.5540070604897505,1.5466757274228535,34.7899697074001,23.31772809249217,34.86959577902188,1,1
Kota,Black lava soil,7.337194473925749,1.9178323970573043,31.06046676537088,15.033206502090248,34.920605865050106,0,0
Udaipur,Saline,7.339807470281602,1.1103005347463897,25.30016085424967,22.383255204002783,48.57953815566347,0,0
Kota,Nitrogenous,7.123782381323482,1.2666074046921616,27.49298926557181,24.87656229238989,42.57814044221978,0,0
Hanumangarh,Loamy,7.4872529357074,1.891420596431572,30.29185145408948,16.980705343815227,38.28397036578481,0,0
Jodhpur,Clay,7.237668796466599,2.2468274238215757,36.48031530890698,14.464215915987742,38.17247031507367,0,0
Sri Ganganagar,Black lava soil,7.318826221226949,2.3709111471950632,29.54015766898477,14.590428156434337,37.98356104044531,0,0
Bhilwara,Chalky (Calcareous),7.270987408492722,2.2376674627137456,24.683227500848407,25.10812382199974,34.72005094036578,0,0
Ajmer,Black lava soil,6.97175146468737,2.537610770590958,35.23638204279732,24.317186400949392,39.92218455564853,0,2
Jodhpur,Saline,8.143191068497767,1.871473795593468,31.387762567467657,15.334469614064451,35.01534186798936,1,0
Jodhpur,Clay,7.413979320367264,2.719084600572851,30.826200250324625,20.06260932164893,48.186058223514266,0,2
Alwar,Black lava soil,7.037968596329467,1.3732469938141192,28.925225809605244,21.928749840908477,43.51329999249653,0,0
Kota,Alkaline,6.857707867150015,2.4889077748431,19.471765290798377,25.767951716584623,46.93174698631422,0,0
Sri Ganganagar,Black lava soil,7.842081604304477,1.592621998588226,30.88075225943846,13.75089830205318,38.673812297648986,1,1
Udaipur,Saline,7.621828611851357,1.4548957966002851,25.07230199639535,15.151281401826628,40.5526765873697,1,0
Udaipur,Saline,8.036270899786379,2.714380081018385,37.17154834676038,21.42377296692784,30.18355426080513,1,0
Kota,Black lava soil,7.182229450592222,2.104161254312796,31.801843579524306,15.446774564087551,46.355326630035165,0,2
Bhilwara,Loamy,7.363577726829934,2.4850875412839297,24.50795391018724,16.90438525875034,32.46737370980442,0,0
Hanumangarh,Chalky (Calcareous),7.395665814389767,1.8436657771338212,34.28949412645672,22.767847655338965,38.713499996911054,0,0
Kota,Clay,7.340576822252634,2.3132173362269723,29.60045773668725,21.02537669617315,31.883087350293785,0,0
Nagaur,Loamy,8.382456902775386,3.3961044339549806,30.455840733332195,23.94102070398593,31.09687163546256,1,0
Jodhpur,Saline,7.931111755943489,1.2918864721036774,24.24423131723565,5.804606702572865,35.95309589458623,1,1
Alwar,Chalky (Calcareous),7.340625842376934,1.4850940757290774,29.383279679769448,21.54523721516327,36.72156140269279,0,0
Bhilwara,Nitrogenous,6.96698391418616,1.9742288956961744,39.560027345263485,25.820300762929687,46.74589524444352,0,0
Hanumangarh,Alkaline,8.317898903067908,1.8894787682314744,30.346849013290345,20.962984593656525,51.96054817636996,1,0
Hanumangarh,Chalky (Calcareous),7.721158434082243,1.6246351964972006,24.240012262104287,20.54541485174916,41.92985046284438,1,1
Udaipur,Black lava soil,7.844102653226441,1.778196584896307,25.730884562478117,16.78408328986485,43.4947653585871,1,0
Jaipur,Black lava soil,7.387840514560947,2.429792436171778,30.399007420293664,25.697777680127345,38.063190177235946,0,2
Jaipur,Sandy,8.100130874869414,1.7684193189573003,27.942866964419988,25.76950367127873,30.6512915015229,1,1
Nagaur,Saline,7.181888143674035,1.7174697632244038,39.35537241154057,15.745579554805506,52.20610861235957,0,0
Udaipur,Alkaline,7.991926171803073,2.062943265288329,27.617242883903792,13.477052780997637,35.5320249314044,1,0
Kota,Clay,7.223715326940574,1.0634970845346898,40.22240778599972,15.01385856280612,34.704814389939514,0,0
Bhilwara,Alkaline,7.524664082897422,2.3612234926104896,28.17359570898057,31.93983852762366,40.90035518847991,1,0
Kota,Chalky (Calcareous),7.736572726633893,1.6485442809802162,28.810964812870303,22.332156437061585,42.60344748211335,1,0
Nagaur,Saline,7.427560719026056,2.021520435425194,35.11420735775382,19.047769070353915,37.12958711456365,0,2
Jaipur,Loamy,6.475242741905838,2.1867668417058845,37.27717241957662,17.04490772133284,42.20029964511573,0,0
Udaipur,Chalky (Calcareous),7.159913261826024,1.3578064819637428,37.37939575251983,22.45722755447201,38.85459484539145,0,0
Ajmer,Chalky (Calcareous),7.336491341195114,1.8932716103247809,32.48099593681658,17.323416437161704,42.55749787680931,0,0
Jaipur,Clay,8.524354128849426,1.1872538649000837,27.216106135783168,20.16319418345436,45.68690548814457,1,0
Jodhpur,Alkaline,7.303194208983495,2.1912166578462675,23.43918399402241,18.014423342160736,39.79264111000426,0,0
Sri Ganganagar,Black lava soil,7.200089303041469,1.6714325188609709,26.511405480508778,16.732685521375963,38.0672919205112,0,0
Hanumangarh,Loamy,6.881932101984769,2.6271691803786696,33.65500313392741,22.692174786082266,43.5786712058542,0,2
Ajmer,Black lava soil,7.567781708207354,2.364259321757268,33.188029061156044,21.293849026219608,45.97765694043355,1,0
Sri Ganganagar,Nitrogenous,7.59473991061054,2.5037219865975997,23.725386659988537,20.923552373905416,44.68957768755328,1,0
Alwar,Clay,7.19674830589213,2.2279520975853515,27.70454844890504,16.526998154184277,34.22818665883508,0,0
Ajmer,Sandy,7.2306048477116445,1.639893989496605,24.371725160997077,19.793543191076694,32.627486564758826,0,1
Sri Ganganagar,Saline,7.648938095511922,2.225077816973324,29.478207752809567,28.87745424620024,32.604019908211164,1,0
Bhilwara,Clay,7.068253197517533,1.984398255530458,30.09008436022223,22.36315172921703,33.16570818359587,0,0
Udaipur,Saline,8.014728740799178,2.436157690014225,24.28490343963136,24.10079093377742,39.67655697483741,1,0
Udaipur,Nitrogenous,7.721501065223688,2.4757748852870214,24.894187712198494,22.367359495176142,38.661794545506034,1,0
Jodhpur,Alkaline,7.1849285849288265,2.2870209654420157,29.45067938449032,19.0795656649204,36.1390380609781,0,2
Sri Ganganagar,Clay,7.469798135401546,2.563890125316949,30.43055434129489,16.265383574649164,44.95083119479644,0,2
Jodhpur,Alkaline,7.389055864353866,1.3251134653093843,38.84084646529892,21.599825955725816,32.96528299743415,0,0
Ajmer,Sandy,7.087083613380976,2.923197960299624,39.666798738571785,21.283753993308935,39.942424559616775,0,2
Bhilwara,Chalky (Calcareous),7.088961994086036,1.390357766738903,27.15275112753945,19.379893063050016,34.67889996591325,0,0
Jodhpur,Alkaline,6.821532215150213,2.1115765273738485,32.75942985911077,23.401151042088145,30.316236487487675,0,0
Kota,Sandy,6.589619861098992,1.6471132584523174,23.040208095241343,28.52051039029559,39.424451530383806,0,0
Jaipur,Black lava soil,7.370530601710804,1.90607029949564,35.59447298965335,26.372142133437908,39.14163173037608,0,0
Kota,Alkaline,6.805350634894505,1.9021507344265491,35.300448699543324,19.74238535737677,42.51545184311873,0,0
Ajmer,Loamy,7.093727114939007,3.0526487147291563,30.17443973544704,13.122445552156286,46.840396752443006,0,0
Kota,Clay,7.294487531748413,2.5108114920365194,28.106200816984533,30.413301610548988,42.154312095075184,0,2
Hanumangarh,Clay,7.766679622352725,2.4197342522592025,36.09097355877128,25.286841526891124,44.36098500036489,1,0
Sri Ganganagar,Sandy,6.909062937289599,2.224736956416153,40.43023524768557,14.92620253407074,38.19268616653007,0,0
Ajmer,Sandy,7.947455278013413,1.183992557486791,25.47526083530967,10.96479302534092,38.62577349665104,1,1
Nagaur,Saline,7.984684651204027,1.684298722216721,30.26263184107658,16.2202464665404,41.80220838146386,1,0
Alwar,Sandy,7.251533987441011,1.908715512810229,25.05021103723993,19.82496194996882,35.94499568185577,0,0
Jaipur,Black lava soil,6.83996140613135,1.8806236989682827,36.4279111718084,19.71469354284422,40.707978933699415,0,0
Sri Ganganagar,Saline,7.405898780613589,1.9482065732971097,28.93062416222681,24.85158100894141,42.09379980063749,0,0
Alwar,Alkaline,7.579046949288393,2.0167217339865755,29.590528102137537,24.95595556463333,43.73722485713528,1,0
Hanumangarh,Alkaline,7.78853609191757,1.9109883549680808,30.77577671432678,18.00858483228726,40.587943149436015,1,0
Alwar,Black lava soil,7.598065729511954,1.547965855132,22.255197374732624,21.289879906105902,45.51938671658129,1,1
Udaipur,Alkaline,8.268030590854764,2.298768852947364,26.443483865252603,20.585621080749256,41.181118231321165,1,0
Nagaur,Sandy,6.8653347517266505,2.851257329064803,31.01164398211401,28.159284495445544,36.334835022380055,0,2
Nagaur,Black lava soil,7.424839769864064,1.836651893406818,24.78711152664712,14.1388312328168,42.32184931773287,0,1
Hanumangarh,Chalky (Calcareous),7.592587768414957,2.212722432092086,31.11144927900427,26.394329066566968,35.23841809630601,1,0
Hanumangarh,Alkaline,7.4817050128285345,2.329824999041185,35.450917355102234,16.259519676891763,30.163374678870028,0,0
Udaipur,Clay,7.495077595674808,1.15574740596575,24.39976288765064,23.354556241384376,43.01895260138947,0,0
Jaipur,Alkaline,7.694156002711725,2.6247524503530792,23.33611301260175,18.25280336391522,36.1371562562188,1,0
Ajmer,Saline,7.589264584860239,1.0177319809485377,22.59427137689142,19.98815541933596,37.28196551953474,1,1
Nagaur,Chalky (Calcareous),7.816830512387029,1.6509001626944753,38.39337336686283,10.441797246741215,46.55583748901312,1,1
Hanumangarh,Loamy,6.622857573588751,2.047263783794234,39.03044558918481,33.33452611160004,40.48577893543124,0,2
Udaipur,Black lava soil,7.380944781843973,2.023001373626637,25.47692812503117,25.863784226337224,43.32708411845889,0,2
Sri Ganganagar,Chalky (Calcareous),8.14139748441949,2.0390037092394286,23.46111717426169,18.274479515904048,40.220312837033,1,0
Jodhpur,Black lava soil,7.832684467516415,1.6019315984067524,25.249682512669363,12.781978689151176,37.58545080269741,1,1
Jaipur,Clay,6.644698322781743,1.8034548996492688,22.160058672198662,12.537688649970036,34.99342672901017,0,1
Jodhpur,Chalky (Calcareous),8.164083026978666,1.7478509920936884,26.96088053692188,11.17306206485013,48.70470743298496,1,1
Jodhpur,Chalky (Calcareous),6.310784170063336,2.0963257663240125,31.826971209625704,19.8041894227862,36.72733214500845,0,0
Nagaur,Chalky (Calcareous),7.757031276212388,1.7694151339826905,33.7828233745657,13.027524655703692,45.269457761479416,1,1
Sri Ganganagar,Clay,7.370977242194419,2.6342916178237346,32.457063781777634,13.88389884969035,47.12313866038622,0,0
Alwar,Loamy,8.017721708208473,1.5819689239499877,37.122479106234735,19.54146987927437,35.561152442307296,1,0
Kota,Chalky (Calcareous),6.715927843289975,2.228606531846257,28.03308851127672,16.187910246985428,36.19818179391935,0,2
Jodhpur,Chalky (Calcareous),8.04105615649657,1.935482942435108,25.741689128328037,16.205146505483278,35.10629581845117,1,0
Hanumangarh,Nitrogenous,7.891679355262015,1.2647552243843747,23.68615112150718,16.12062588416758,40.39482022834042,1,1
Hanumangarh,Saline,7.035536758769635,1.747935663174168,29.635711555794725,29.446393977519985,41.19085653069814,0,0
Hanumangarh,Chalky (Calcareous),8.127259351190595,2.400350973772788,40.29922500868701,22.793619184722427,39.21761311938421,1,0
Ajmer,Saline,7.274873306110864,1.6219979902716977,31.11963436973303,10.26737356820568,34.4103619598163,0,1
Kota,Loamy,7.513656689925719,1.976314648727782,22.089116183269365,15.298005417578237,37.1961954651007,1,1
Sri Ganganagar,Black lava soil,7.796283636923666,0.6478041841986124,26.850577238180943,17.558630787742278,43.166634130356194,1,0
Sri Ganganagar,Black lava soil,7.756807232115548,2.017356874376281,20.15747893280973,23.274877921108448,44.05399322795855,1,0
Sri Ganganagar,Loamy,6.848577618237627,2.2260339191298355,28.22012957807084,20.14595251967784,43.48987015065049,0,2
Bhilwara,Chalky (Calcareous),8.399240043569058,2.2764526142997408,25.31703996878179,25.531157794299844,41.00349347144439,1,0
Jaipur,Sandy,6.862883940461602,2.5242413255252965,32.43887410542169,16.328833390144812,39.292351813310766,0,2
Kota,Saline,8.275622633213864,2.441143246299608,26.1920606748189,18.46993022821296,40.7271360870288,1,0
Jodhpur,Saline,7.206792425555613,1.6901139358730612,25.456151645960134,28.422624173017255,44.21148663506951,0,0
Jodhpur,Loamy,7.306185083668376,1.0325179413797645,29.253192521751792,8.162611733133609,41.76885315445695,0,0
Udaipur,Chalky (Calcareous),8.346773566706837,2.075703695312389,28.53657270512361,16.90919775658186,44.49255852275783,1,0
Kota,Sandy,6.913060017795514,1.901031135507659,40.339531690817765,10.84158876396987,34.74345044180328,0,1
Bhilwara,Loamy,6.662765269773377,1.945488290018268,30.1718765451323,20.8029471658588,46.8106620184254,0,0
Kota,Clay,8.020030909951288,1.6301144180135163,23.32694696544884,18.07163684511076,42.17251323045653,1,1
Bhilwara,Nitrogenous,6.832259215450055,2.2430181447088184,22.26348005530817,25.413455269435367,37.64437674091061,0,0
Jaipur,Nitrogenous,7.951135699971727,1.750063784794574,32.71516139644826,18.83051099773203,39.01953394661531,1,0
Jodhpur,Loamy,7.667527175956086,2.282394552953824,28.93955165039787,22.71101503454524,38.31061112263097,1,0
Jodhpur,Nitrogenous,7.568373323699615,0.8478940320280166,28.194953883737156,33.515137822025416,38.84669166680146,1,0
Kota,Chalky (Calcareous),7.7457147263601,2.284880178599324,30.977408657766453,19.50577399380347,42.17987694750023,1,0
Udaipur,Saline,7.3408812361286895,1.609421810934443,28.70099929616244,27.992690560481705,44.0106422930906,0,0
Kota,Sandy,7.02712696965161,2.3041230958424843,23.41434040026708,23.880139569217377,34.98891490536638,0,0
Alwar,Saline,7.050600094878082,2.2755085301131497,26.3325896666086,18.49587021983851,31.863441360263423,0,0
Alwar,Chalky (Calcareous),8.34459446682584,2.8349613907023192,36.11974376573002,19.01189766102017,38.17379511255077,1,0
Sri Ganganagar,Loamy,7.52511384958284,2.239753774000804,33.64470597285225,16.53824612883103,36.70480362555678,1,0
Alwar,Black lava soil,8.145379212061215,3.293954486765342,24.001373674548933,23.494598425403943,37.95099378103234,1,0
Nagaur,Loamy,7.934386250295385,1.4068317864450728,32.93927944068867,23.098693923514343,30.44341554168748,1,1
Hanumangarh,Black lava soil,8.526486012250832,2.544384827108336,28.11849637537502,20.094095248702992,34.14172826341219,1,0
Alwar,Sandy,7.40090216181014,2.255078734457592,36.36285081464285,20.631570997416,37.65434572894795,0,2
Udaipur,Nitrogenous,7.1862896327868135,2.61442827510028,32.30539016148217,21.25314116051651,44.04285503445058,0,2
Alwar,Alkaline,7.516859527450527,2.134296790522149,24.42588906323793,25.98455474380676,37.015526076340144,1,0
Kota,Nitrogenous,5.914787132060972,2.1053004196488208,27.5576195994482,27.963349991414415,40.096720354058775,0,0
Jodhpur,Nitrogenous,7.593495104862332,1.9778633400776755,26.35520374983419,19.05492851158763,40.90147440251722,1,0
Jaipur,Loamy,7.1868423619084965,2.24703195948776,15.726866685478043,15.715740674361005,34.369730195444745,0,0
Alwar,Black lava soil,7.660796605669619,2.8774665358236207,30.09200815391719,21.126320586237743,43.4636137755843,1,0
Sri Ganganagar,Nitrogenous,7.389231701208131,1.411518943615016,39.10271953970908,17.168027043926383,44.158083930902016,0,0
Sri Ganganagar,Alkaline,6.942959320883456,1.684534583131105,25.289699082128777,17.26002090629431,38.929248446444056,0,0
Kota,Chalky (Calcareous),7.771695413935904,2.0015738634531632,36.14995184219342,24.913415713849705,32.999646384084954,1,0
Kota,Alkaline,8.548969669566215,1.7371845330073077,30.16203506670068,16.637572019968317,41.1163541796013,1,0
Alwar,Alkaline,7.398737886467585,1.7358514766685105,35.18043825523128,12.885125373691634,35.149378698101785,0,0
Kota,Nitrogenous,7.569825837107948,2.0325123155943903,34.06640203032296,15.780730612875503,31.28163698801732,1,0
Bhilwara,Chalky (Calcareous),7.184770772907261,2.818541203996371,26.099280593061145,23.676346549874932,37.20418082470396,0,2
Alwar,Clay,7.645601377569016,1.8182133525424853,29.079838004004987,7.560889712188343,38.89109298141932,1,1
Udaipur,Nitrogenous,7.261561769678082,2.838557935093436,22.69749550290756,25.95630340815916,43.3756852820346,0,0
Bhilwara,Alkaline,7.516951361841169,1.404796132162755,34.62987550357308,19.544620698234866,39.1120200262063,1,0
Jaipur,Saline,6.756069148254689,1.4374069491344192,31.944094551318567,14.130633368469857,45.56317152601651,0,0
Bhilwara,Nitrogenous,7.1270289367622,1.6692292787423542,33.76709731751215,16.927306081544526,35.71825740859398,0,0
Sri Ganganagar,Nitrogenous,6.464311410330922,2.5838709627638896,26.1247751849188,15.72753268630973,37.98467065981639,0,0
Udaipur,Sandy,7.779168211605853,2.9283237182809776,27.591170144532622,21.622293021762584,30.98068603718817,1,0
Hanumangarh,Loamy,7.381775581632071,1.9401901878156145,24.484078093834533,24.102767514439485,40.921545320390514,0,0
Sri Ganganagar,Clay,8.4861722395411,2.232125619061502,33.04567759526757,22.86222653077551,41.985233349412,1,0
Jaipur,Loamy,8.05160878602683,2.7209712009763005,31.094819579279875,15.790891840659238,27.82343834108556,1,0
Jaipur,Alkaline,7.185664876484569,0.6909334006538601,22.59209614224316,13.30265112521122,40.67595170493693,0,1
Kota,Loamy,7.956736866008703,2.26881495147494,32.14093123905288,18.6000334906276,33.60484631890107,1,0
Bhilwara,Clay,6.445080879687179,2.66966329474,26.567306234231157,25.816880275817752,45.34396160697146,0,0
Nagaur,Saline,7.690712808767171,2.498632783829436,35.90945021279447,19.66775512345272,38.209602769103405,1,0
Udaipur,Sandy,7.869837734058917,3.285997658747484,18.75283772899618,23.04367794562209,37.21434713713885,1,0
Nagaur,Black lava soil,8.16848453677798,1.958873150164273,31.532254314816704,17.811313387978377,40.90994941311399,1,0
Jodhpur,Saline,7.013617741619999,2.203311017111337,29.136854328545827,23.193385699401503,39.68213230406939,0,2
Udaipur,Chalky (Calcareous),8.209265672574018,0.7560956717324603,36.38482693044094,21.69011740550854,33.964891760713925,1,1
Jaipur,Black lava soil,6.878876733225385,1.4372064429840157,24.518898375657173,19.66064309150259,42.15815814818799,0,0
Bhilwara,Alkaline,7.647616287520302,1.8808831624721916,27.94740758635135,29.094492661001624,45.8859248159217,1,0
Ajmer,Clay,7.112518587968007,2.684047118407449,39.83458481254127,19.80427986515829,46.24855210092159,0,2
Bhilwara,Alkaline,7.754841538621164,2.4058527858066325,31.659592238539435,34.67703103194234,34.860381174946305,1,0
Sri Ganganagar,Loamy,7.998816038460122,1.856602882130865,33.79757443743054,18.541206838707318,39.70086928235048,1,0
Ajmer,Loamy,7.680708658636552,1.353429228120676,32.86195155587838,22.253017064312694,30.65091830233918,1,1
Nagaur,Saline,7.214679784899943,2.4262343217164752,23.85408201099792,27.260588495912803,40.07074632482879,0,0
Nagaur,Black lava soil,7.415438657178591,2.039786767471083,33.79412208081805,23.481614310401618,41.3939990619273,0,2
Bhilwara,Saline,6.805728723084394,1.199864447748145,23.913586538897604,20.797312534020644,35.53606242254058,0,0
Udaipur,Black lava soil,7.578563959495471,2.0880949112513463,26.665756415242186,20.98958333671038,36.96263856189847,1,0
Udaipur,Alkaline,7.801236718141181,2.520028945396694,24.905650214666323,18.861145104381823,35.29992033938123,1,0
Bhilwara,Alkaline,7.1943073763056855,1.953527896693206,28.80249038989125,25.584168877649773,40.93208084872023,0,0
Bhilwara,Alkaline,7.249382946104894,1.7757285817360693,31.19277476886869,13.547192890268906,39.28370542317904,0,0
Jaipur,Saline,7.699734686301093,2.155236377090376,24.363681037229263,14.215293013852644,41.61252330144952,1,1
Jaipur,Clay,7.397561668067642,2.0156979327663884,38.03789153199755,19.897197213247463,41.44591836559363,0,2
Nagaur,Alkaline,8.19974321348617,1.685672847462715,28.612431905698838,14.81845376313115,38.98269429459848,1,1
Ajmer,Black lava soil,7.481053459141584,3.1941859964352197,35.921283225980865,23.61413447492756,40.55899579101694,0,2
Nagaur,Black lava soil,7.718563389865526,2.046027568655996,32.38120176693833,32.64963874625976,35.03203498034276,1,0
Jaipur,Alkaline,6.979903140092051,2.9725975371384665,20.89456965352752,17.011661583725715,41.85105944970871,0,0
Jaipur,Loamy,7.9892289028332755,1.5947356850891867,34.28487768491393,19.65776753666792,40.143877820405,1,0
Jodhpur,Saline,7.7040264234183775,2.275398786136832,32.223869039157975,15.87173158598929,40.74681741135594,1,0
Sri Ganganagar,Clay,7.858170040270205,3.162349457161709,27.355266186376504,24.78652411296765,39.4695468232929,1,0
Jodhpur,Chalky (Calcareous),7.932034991069473,2.153067276551378,28.84470231579551,14.040626479043752,49.71764440561098,1,0
Ajmer,Sandy,8.467577020030115,2.407750511222132,29.759557463346137,19.084247644733527,38.21663432910064,1,0
Jaipur,Loamy,7.262102277997549,1.586944004142729,26.56492950150251,13.247220178285083,39.62064274657488,0,0
Bhilwara,Loamy,7.944518561139946,2.2868722105022066,23.61847791730832,13.558461912682311,41.46357741070927,1,1
Alwar,Saline,8.286867108277553,2.2283440053652,22.519205934176757,15.408939167451042,46.61372233442568,1,0
Sri Ganganagar,Nitrogenous,7.375692073116661,2.3133068186315358,30.227819405709493,23.11703569139958,43.51720066569448,0,2
Hanumangarh,Saline,7.786003139150236,1.6476357821945582,22.312076017754123,19.275477104592845,37.7702814306942,1,1
Jaipur,Loamy,7.230619581326952,1.8725265147982053,31.28085302847139,25.96655502963563,36.14129592701609,0,0
Sri Ganganagar,Saline,7.104550309166223,1.6100735268891806,35.409924046249714,13.25211894224234,37.92393116047364,0,0
Nagaur,Black lava soil,7.788225672561211,1.2457220158935718,30.924852875365783,22.263781760383477,48.53664904779612,1,0
Hanumangarh,Clay,7.146553716006325,2.4277778295103563,38.2474044716196,25.35305279989593,36.35198765096296,0,2
Jodhpur,Alkaline,8.113636911040631,1.3949197485095577,32.19289645460503,13.149866863177854,45.326881361298014,1,1
Bhilwara,Nitrogenous,7.417184294841184,2.039288514859575,19.35632952792594,22.29084057394349,35.10139387641597,0,0
Jodhpur,Loamy,8.248715841589814,2.928851171768866,29.48284387854858,13.804736487366789,50.4792175090458,1,0
Alwar,Black lava soil,6.481889748572032,2.023746734125821,28.7546407767348,11.635530493442127,42.02106432638666,0,0
Hanumangarh,Black lava soil,7.169487472686253,1.7425306467833637,27.71651192488377,21.694967569047098,42.281247442642666,0,0
Alwar,Alkaline,8.400715049633243,1.3492060085983344,20.734907585512158,19.375565573249663,40.0784889797888,1,1
Alwar,Alkaline,8.110410649406523,1.5616131093940775,38.56020142008946,11.261817450858691,42.17385032278445,1,1
